LineId,Date,Time,Level,Process,Component,Content,EventId,EventTemplate
808,2015-10-18,"18:04:50,770",INFO,AsyncDispatcher event handler,org.apache.hadoop.mapreduce.v2.app.job.impl.JobImpl,Num completed Tasks: 1,E72,Num completed Tasks: <*>
808,2015-10-18,"18:04:50,770",INFO,AsyncDispatcher event handler,org.apache.hadoop.mapreduce.v2.app.job.impl.JobImpl,Num completed Tasks: 1,E72,Num completed Tasks: <*>
808,2015-10-18,"18:04:50,770",INFO,AsyncDispatcher event handler,org.apache.hadoop.mapreduce.v2.app.job.impl.JobImpl,Num completed Tasks: 1,E72,Num completed Tasks: <*>
808,2015-10-18,"18:04:50,770",INFO,AsyncDispatcher event handler,org.apache.hadoop.mapreduce.v2.app.job.impl.JobImpl,Num completed Tasks: 1,E72,Num completed Tasks: <*>
907,2015-10-18,"18:05:56,696",WARN,LeaseRenewer:msrabi@msra-sa-41:9000,org.apache.hadoop.hdfs.LeaseRenewer,Failed to renew lease for [DFSClient_NONMAPREDUCE_1537864556_1] for 59 seconds.  Will retry shortly ...,E44,Failed to renew lease for [DFSClient_NONMAPREDUCE_<*>_<*>] for <*> seconds.  Will retry shortly ...
1542,2015-10-18,"18:08:43,569",WARN,LeaseRenewer:msrabi@msra-sa-41:9000,org.apache.hadoop.hdfs.LeaseRenewer,Failed to renew lease for [DFSClient_NONMAPREDUCE_1537864556_1] for 226 seconds.  Will retry shortly ...,E44,Failed to renew lease for [DFSClient_NONMAPREDUCE_<*>_<*>] for <*> seconds.  Will retry shortly ...
1227,2015-10-18,"18:07:13,267",WARN,LeaseRenewer:msrabi@msra-sa-41:9000,org.apache.hadoop.hdfs.LeaseRenewer,Failed to renew lease for [DFSClient_NONMAPREDUCE_1537864556_1] for 135 seconds.  Will retry shortly ...,E44,Failed to renew lease for [DFSClient_NONMAPREDUCE_<*>_<*>] for <*> seconds.  Will retry shortly ...
818,2015-10-18,"18:04:51,755",INFO,DefaultSpeculator background processing,org.apache.hadoop.mapreduce.v2.app.speculate.DefaultSpeculator,We launched 1 speculations.  Sleeping 15000 milliseconds.,E112,We launched <*> speculations.  Sleeping <*> milliseconds.
818,2015-10-18,"18:04:51,755",INFO,DefaultSpeculator background processing,org.apache.hadoop.mapreduce.v2.app.speculate.DefaultSpeculator,We launched 1 speculations.  Sleeping 15000 milliseconds.,E112,We launched <*> speculations.  Sleeping <*> milliseconds.
818,2015-10-18,"18:04:51,755",INFO,DefaultSpeculator background processing,org.apache.hadoop.mapreduce.v2.app.speculate.DefaultSpeculator,We launched 1 speculations.  Sleeping 15000 milliseconds.,E112,We launched <*> speculations.  Sleeping <*> milliseconds.
122,2015-10-18,"18:01:57,104",INFO,AsyncDispatcher event handler,org.apache.hadoop.mapreduce.v2.app.job.impl.TaskAttemptImpl,The job-jar file on the remote FS is hdfs://msra-sa-41:9000/tmp/hadoop-yarn/staging/msrabi/.staging/job_1445144423722_0020/job.jar,E107,The job-jar file on the remote FS is hdfs://<*>
122,2015-10-18,"18:01:57,104",INFO,AsyncDispatcher event handler,org.apache.hadoop.mapreduce.v2.app.job.impl.TaskAttemptImpl,The job-jar file on the remote FS is hdfs://msra-sa-41:9000/tmp/hadoop-yarn/staging/msrabi/.staging/job_1445144423722_0020/job.jar,E107,The job-jar file on the remote FS is hdfs://<*>
122,2015-10-18,"18:01:57,104",INFO,AsyncDispatcher event handler,org.apache.hadoop.mapreduce.v2.app.job.impl.TaskAttemptImpl,The job-jar file on the remote FS is hdfs://msra-sa-41:9000/tmp/hadoop-yarn/staging/msrabi/.staging/job_1445144423722_0020/job.jar,E107,The job-jar file on the remote FS is hdfs://<*>
61,2015-10-18,"18:01:53,744",INFO,AsyncDispatcher event handler,org.apache.hadoop.mapreduce.v2.app.job.impl.JobImpl,job_1445144423722_0020Job Transitioned from INITED to SETUP,E54,job_<*>Job Transitioned from INITED to SETUP
61,2015-10-18,"18:01:53,744",INFO,AsyncDispatcher event handler,org.apache.hadoop.mapreduce.v2.app.job.impl.JobImpl,job_1445144423722_0020Job Transitioned from INITED to SETUP,E54,job_<*>Job Transitioned from INITED to SETUP
61,2015-10-18,"18:01:53,744",INFO,AsyncDispatcher event handler,org.apache.hadoop.mapreduce.v2.app.job.impl.JobImpl,job_1445144423722_0020Job Transitioned from INITED to SETUP,E54,job_<*>Job Transitioned from INITED to SETUP
50,2015-10-18,"18:01:53,447",INFO,main,org.apache.hadoop.mapreduce.v2.app.rm.RMContainerRequestor,nodeBlacklistingEnabled:true,E70,nodeBlacklistingEnabled:true
536,2015-10-18,"18:03:55,939",INFO,AsyncDispatcher event handler,org.apache.hadoop.mapreduce.v2.app.job.impl.TaskAttemptImpl,TaskAttempt: [attempt_1445144423722_0020_m_000005_0] using containerId: [container_1445144423722_0020_01_000007 on NM: [MSRA-SA-41.fareast.corp.microsoft.com:7109],E105,TaskAttempt: [attempt_<*>] using containerId: [container_<*>_<*>_<*>_<*> on NM: [<*>:<*>]
132,2015-10-18,"18:01:57,447",INFO,AsyncDispatcher event handler,org.apache.hadoop.mapreduce.v2.app.job.impl.TaskAttemptImpl,TaskAttempt: [attempt_1445144423722_0020_m_000000_0] using containerId: [container_1445144423722_0020_01_000002 on NM: [04DN8IQ.fareast.corp.microsoft.com:54883],E105,TaskAttempt: [attempt_<*>] using containerId: [container_<*>_<*>_<*>_<*> on NM: [<*>:<*>]
63,2015-10-18,"18:01:53,822",INFO,AsyncDispatcher event handler,org.apache.hadoop.mapreduce.v2.app.job.impl.JobImpl,job_1445144423722_0020Job Transitioned from SETUP to RUNNING,E56,job_<*>Job Transitioned from SETUP to RUNNING
63,2015-10-18,"18:01:53,822",INFO,AsyncDispatcher event handler,org.apache.hadoop.mapreduce.v2.app.job.impl.JobImpl,job_1445144423722_0020Job Transitioned from SETUP to RUNNING,E56,job_<*>Job Transitioned from SETUP to RUNNING
63,2015-10-18,"18:01:53,822",INFO,AsyncDispatcher event handler,org.apache.hadoop.mapreduce.v2.app.job.impl.JobImpl,job_1445144423722_0020Job Transitioned from SETUP to RUNNING,E56,job_<*>Job Transitioned from SETUP to RUNNING
63,2015-10-18,"18:01:53,822",INFO,AsyncDispatcher event handler,org.apache.hadoop.mapreduce.v2.app.job.impl.JobImpl,job_1445144423722_0020Job Transitioned from SETUP to RUNNING,E56,job_<*>Job Transitioned from SETUP to RUNNING
63,2015-10-18,"18:01:53,822",INFO,AsyncDispatcher event handler,org.apache.hadoop.mapreduce.v2.app.job.impl.JobImpl,job_1445144423722_0020Job Transitioned from SETUP to RUNNING,E56,job_<*>Job Transitioned from SETUP to RUNNING
53,2015-10-18,"18:01:53,510",INFO,Socket Reader #1 for port 62270,org.apache.hadoop.ipc.Server,Starting Socket Reader #1 for port 62270,E98,Starting Socket Reader #<*> for port <*>
30,2015-10-18,"18:01:51,775",INFO,Socket Reader #1 for port 62260,org.apache.hadoop.ipc.Server,Starting Socket Reader #1 for port 62260,E98,Starting Socket Reader #<*> for port <*>
30,2015-10-18,"18:01:51,775",INFO,Socket Reader #1 for port 62260,org.apache.hadoop.ipc.Server,Starting Socket Reader #1 for port 62260,E98,Starting Socket Reader #<*> for port <*>
53,2015-10-18,"18:01:53,510",INFO,Socket Reader #1 for port 62270,org.apache.hadoop.ipc.Server,Starting Socket Reader #1 for port 62270,E98,Starting Socket Reader #<*> for port <*>
30,2015-10-18,"18:01:51,775",INFO,Socket Reader #1 for port 62260,org.apache.hadoop.ipc.Server,Starting Socket Reader #1 for port 62260,E98,Starting Socket Reader #<*> for port <*>
53,2015-10-18,"18:01:53,510",INFO,Socket Reader #1 for port 62270,org.apache.hadoop.ipc.Server,Starting Socket Reader #1 for port 62270,E98,Starting Socket Reader #<*> for port <*>
912,2015-10-18,"18:05:57,024",WARN,DataStreamer for file /tmp/hadoop-yarn/staging/msrabi/.staging/job_1445144423722_0020/job_1445144423722_0020_1.jhist block BP-1347369012-10.190.173.170-1444972147527:blk_1073743512_2731,org.apache.hadoop.hdfs.DFSClient,DataStreamer Exception,E30,DataStreamer Exception
912,2015-10-18,"18:05:57,024",WARN,DataStreamer for file /tmp/hadoop-yarn/staging/msrabi/.staging/job_1445144423722_0020/job_1445144423722_0020_1.jhist block BP-1347369012-10.190.173.170-1444972147527:blk_1073743512_2731,org.apache.hadoop.hdfs.DFSClient,DataStreamer Exception,E30,DataStreamer Exception
912,2015-10-18,"18:05:57,024",WARN,DataStreamer for file /tmp/hadoop-yarn/staging/msrabi/.staging/job_1445144423722_0020/job_1445144423722_0020_1.jhist block BP-1347369012-10.190.173.170-1444972147527:blk_1073743512_2731,org.apache.hadoop.hdfs.DFSClient,DataStreamer Exception,E30,DataStreamer Exception
912,2015-10-18,"18:05:57,024",WARN,DataStreamer for file /tmp/hadoop-yarn/staging/msrabi/.staging/job_1445144423722_0020/job_1445144423722_0020_1.jhist block BP-1347369012-10.190.173.170-1444972147527:blk_1073743512_2731,org.apache.hadoop.hdfs.DFSClient,DataStreamer Exception,E30,DataStreamer Exception
1040,2015-10-18,"18:06:26,139",ERROR,eventHandlingThread,org.apache.hadoop.yarn.YarnUncaughtExceptionHandler,"Thread Thread[eventHandlingThread,5,main] threw an Exception.",E108,"Thread Thread[eventHandlingThread,<*>,main] threw an Exception."
1040,2015-10-18,"18:06:26,139",ERROR,eventHandlingThread,org.apache.hadoop.yarn.YarnUncaughtExceptionHandler,"Thread Thread[eventHandlingThread,5,main] threw an Exception.",E108,"Thread Thread[eventHandlingThread,<*>,main] threw an Exception."
1040,2015-10-18,"18:06:26,139",ERROR,eventHandlingThread,org.apache.hadoop.yarn.YarnUncaughtExceptionHandler,"Thread Thread[eventHandlingThread,5,main] threw an Exception.",E108,"Thread Thread[eventHandlingThread,<*>,main] threw an Exception."
1040,2015-10-18,"18:06:26,139",ERROR,eventHandlingThread,org.apache.hadoop.yarn.YarnUncaughtExceptionHandler,"Thread Thread[eventHandlingThread,5,main] threw an Exception.",E108,"Thread Thread[eventHandlingThread,<*>,main] threw an Exception."
1042,2015-10-18,"18:06:26,139",INFO,Thread-50,org.apache.hadoop.mapreduce.v2.app.rm.RMContainerAllocator,Added attempt_1445144423722_0020_m_000002_1 to list of failed maps,E2,Added attempt_<*> to list of failed maps
1042,2015-10-18,"18:06:26,139",INFO,Thread-50,org.apache.hadoop.mapreduce.v2.app.rm.RMContainerAllocator,Added attempt_1445144423722_0020_m_000002_1 to list of failed maps,E2,Added attempt_<*> to list of failed maps
156,2015-10-18,"18:01:59,948",INFO,RMCommunicator Allocator,org.apache.hadoop.mapreduce.v2.app.rm.RMContainerAllocator,"Recalculating schedule, headroom=<memory:4096, vCores:-23>",E83,"Recalculating schedule, headroom=<memory:<*>, vCores:<*>>"
193,2015-10-18,"18:02:08,636",INFO,RMCommunicator Allocator,org.apache.hadoop.mapreduce.v2.app.rm.RMContainerAllocator,"Recalculating schedule, headroom=<memory:0, vCores:-27>",E83,"Recalculating schedule, headroom=<memory:<*>, vCores:<*>>"
371,2015-10-18,"18:03:07,608",INFO,RMCommunicator Allocator,org.apache.hadoop.mapreduce.v2.app.rm.RMContainerAllocator,"Recalculating schedule, headroom=<memory:0, vCores:-27>",E83,"Recalculating schedule, headroom=<memory:<*>, vCores:<*>>"
283,2015-10-18,"18:02:43,388",INFO,RMCommunicator Allocator,org.apache.hadoop.mapreduce.v2.app.rm.RMContainerAllocator,"Recalculating schedule, headroom=<memory:0, vCores:-27>",E83,"Recalculating schedule, headroom=<memory:<*>, vCores:<*>>"
56,2015-10-18,"18:01:53,557",INFO,main,org.apache.hadoop.yarn.client.RMProxy,Connecting to ResourceManager at msra-sa-41/10.190.173.170:8030,E27,Connecting to ResourceManager at <*>/<*>:<*>
56,2015-10-18,"18:01:53,557",INFO,main,org.apache.hadoop.yarn.client.RMProxy,Connecting to ResourceManager at msra-sa-41/10.190.173.170:8030,E27,Connecting to ResourceManager at <*>/<*>:<*>
56,2015-10-18,"18:01:53,557",INFO,main,org.apache.hadoop.yarn.client.RMProxy,Connecting to ResourceManager at msra-sa-41/10.190.173.170:8030,E27,Connecting to ResourceManager at <*>/<*>:<*>
56,2015-10-18,"18:01:53,557",INFO,main,org.apache.hadoop.yarn.client.RMProxy,Connecting to ResourceManager at msra-sa-41/10.190.173.170:8030,E27,Connecting to ResourceManager at <*>/<*>:<*>
617,2015-10-18,"18:04:06,955",INFO,Socket Reader #1 for port 62270,SecurityLogger.org.apache.hadoop.ipc.Server,Auth successful for job_1445144423722_0020 (auth:SIMPLE),E23,Auth successful for job_<*> (auth:SIMPLE)
559,2015-10-18,"18:03:57,502",INFO,Socket Reader #1 for port 62270,SecurityLogger.org.apache.hadoop.ipc.Server,Auth successful for job_1445144423722_0020 (auth:SIMPLE),E23,Auth successful for job_<*> (auth:SIMPLE)
186,2015-10-18,"18:02:05,651",INFO,Socket Reader #1 for port 62270,SecurityLogger.org.apache.hadoop.ipc.Server,Auth successful for job_1445144423722_0020 (auth:SIMPLE),E23,Auth successful for job_<*> (auth:SIMPLE)
568,2015-10-18,"18:03:58,533",INFO,Socket Reader #1 for port 62270,SecurityLogger.org.apache.hadoop.ipc.Server,Auth successful for job_1445144423722_0020 (auth:SIMPLE),E23,Auth successful for job_<*> (auth:SIMPLE)
617,2015-10-18,"18:04:06,955",INFO,Socket Reader #1 for port 62270,SecurityLogger.org.apache.hadoop.ipc.Server,Auth successful for job_1445144423722_0020 (auth:SIMPLE),E23,Auth successful for job_<*> (auth:SIMPLE)
666,2015-10-18,"18:04:11,034",INFO,RMCommunicator Allocator,org.apache.hadoop.mapreduce.v2.app.rm.RMContainerRequestor,"getResources() for application_1445144423722_0020: ask=0 release= 1 newContainers=0 finishedContainers=1 resourcelimit=<memory:1024, vCores:-26> knownNMs=4",E45,"getResources() for application_<*>: ask=<*> release= <*> newContainers=<*> finishedContainers=<*> resourcelimit=<memory:<*>, vCores:<*>> knownNMs=<*>"
659,2015-10-18,"18:04:10,002",INFO,RMCommunicator Allocator,org.apache.hadoop.mapreduce.v2.app.rm.RMContainerAllocator,"Cannot assign container Container: [ContainerId: container_1445144423722_0020_01_000012, NodeId: MSRA-SA-39.fareast.corp.microsoft.com:28345, NodeHttpAddress: MSRA-SA-39.fareast.corp.microsoft.com:8042, Resource: <memory:1024, vCores:1>, Priority: 20, Token: Token { kind: ContainerToken, service: 172.22.149.145:28345 }, ] for a map as either  container memory less than required <memory:1024, vCores:1> or no pending map tasks - maps.isEmpty=true",E26,"Cannot assign container Container: [ContainerId: container_<*>, NodeId: <*>:<*>, NodeHttpAddress: <*>:<*>, Resource: <memory:<*>, vCores:<*>>, Priority: <*>, Token: Token { kind: ContainerToken, service: <*>:<*> }, ] for a map as either  container memory less than required <memory:<*>, vCores:<*>> or no pending map tasks - maps.isEmpty=true"
811,2015-10-18,"18:04:51,114",INFO,RMCommunicator Allocator,org.apache.hadoop.mapreduce.v2.app.rm.RMContainerAllocator,Reduce slow start threshold reached. Scheduling reduces.,E86,Reduce slow start threshold reached. Scheduling reduces.
811,2015-10-18,"18:04:51,114",INFO,RMCommunicator Allocator,org.apache.hadoop.mapreduce.v2.app.rm.RMContainerAllocator,Reduce slow start threshold reached. Scheduling reduces.,E86,Reduce slow start threshold reached. Scheduling reduces.
811,2015-10-18,"18:04:51,114",INFO,RMCommunicator Allocator,org.apache.hadoop.mapreduce.v2.app.rm.RMContainerAllocator,Reduce slow start threshold reached. Scheduling reduces.,E86,Reduce slow start threshold reached. Scheduling reduces.
1488,2015-10-18,"18:08:28,303",ERROR,RMCommunicator Allocator,org.apache.hadoop.mapreduce.v2.app.rm.RMContainerAllocator,ERROR IN CONTACTING RM.,E38,ERROR IN CONTACTING RM.
1684,2015-10-18,"18:09:24,462",ERROR,RMCommunicator Allocator,org.apache.hadoop.mapreduce.v2.app.rm.RMContainerAllocator,ERROR IN CONTACTING RM.,E38,ERROR IN CONTACTING RM.
1845,2015-10-18,"18:10:10,527",ERROR,RMCommunicator Allocator,org.apache.hadoop.mapreduce.v2.app.rm.RMContainerAllocator,ERROR IN CONTACTING RM.,E38,ERROR IN CONTACTING RM.
107,2015-10-18,"18:01:53,900",INFO,eventHandlingThread,org.apache.hadoop.mapreduce.jobhistory.JobHistoryEventHandler,"Event Writer setup for JobId: job_1445144423722_0020, File: hdfs://msra-sa-41:9000/tmp/hadoop-yarn/staging/msrabi/.staging/job_1445144423722_0020/job_1445144423722_0020_1.jhist",E41,"Event Writer setup for JobId: job_<*>, File: hdfs://<*>"
107,2015-10-18,"18:01:53,900",INFO,eventHandlingThread,org.apache.hadoop.mapreduce.jobhistory.JobHistoryEventHandler,"Event Writer setup for JobId: job_1445144423722_0020, File: hdfs://msra-sa-41:9000/tmp/hadoop-yarn/staging/msrabi/.staging/job_1445144423722_0020/job_1445144423722_0020_1.jhist",E41,"Event Writer setup for JobId: job_<*>, File: hdfs://<*>"
28,2015-10-18,"18:01:51,650",INFO,main,org.apache.hadoop.mapreduce.v2.app.MRAppMaster,"MRAppMaster launching normal, non-uberized, multi-container job job_1445144423722_0020.",E68,"MRAppMaster launching normal, non-uberized, multi-container job job_<*>."
28,2015-10-18,"18:01:51,650",INFO,main,org.apache.hadoop.mapreduce.v2.app.MRAppMaster,"MRAppMaster launching normal, non-uberized, multi-container job job_1445144423722_0020.",E68,"MRAppMaster launching normal, non-uberized, multi-container job job_<*>."
42,2015-10-18,"18:01:51,963",INFO,main,org.apache.hadoop.http.HttpServer2,Jetty bound to port 62267,E52,Jetty bound to port <*>
42,2015-10-18,"18:01:51,963",INFO,main,org.apache.hadoop.http.HttpServer2,Jetty bound to port 62267,E52,Jetty bound to port <*>
42,2015-10-18,"18:01:51,963",INFO,main,org.apache.hadoop.http.HttpServer2,Jetty bound to port 62267,E52,Jetty bound to port <*>
42,2015-10-18,"18:01:51,963",INFO,main,org.apache.hadoop.http.HttpServer2,Jetty bound to port 62267,E52,Jetty bound to port <*>
42,2015-10-18,"18:01:51,963",INFO,main,org.apache.hadoop.http.HttpServer2,Jetty bound to port 62267,E52,Jetty bound to port <*>
20,2015-10-18,"18:01:51,197",INFO,main,org.apache.hadoop.metrics2.impl.MetricsConfig,loaded properties from hadoop-metrics2.properties,E63,loaded properties from hadoop-metrics2.properties
20,2015-10-18,"18:01:51,197",INFO,main,org.apache.hadoop.metrics2.impl.MetricsConfig,loaded properties from hadoop-metrics2.properties,E63,loaded properties from hadoop-metrics2.properties
20,2015-10-18,"18:01:51,197",INFO,main,org.apache.hadoop.metrics2.impl.MetricsConfig,loaded properties from hadoop-metrics2.properties,E63,loaded properties from hadoop-metrics2.properties
20,2015-10-18,"18:01:51,197",INFO,main,org.apache.hadoop.metrics2.impl.MetricsConfig,loaded properties from hadoop-metrics2.properties,E63,loaded properties from hadoop-metrics2.properties
20,2015-10-18,"18:01:51,197",INFO,main,org.apache.hadoop.metrics2.impl.MetricsConfig,loaded properties from hadoop-metrics2.properties,E63,loaded properties from hadoop-metrics2.properties
20,2015-10-18,"18:01:51,197",INFO,main,org.apache.hadoop.metrics2.impl.MetricsConfig,loaded properties from hadoop-metrics2.properties,E63,loaded properties from hadoop-metrics2.properties
909,2015-10-18,"18:05:57,009",WARN,ResponseProcessor for block BP-1347369012-10.190.173.170-1444972147527:blk_1073743512_2731,org.apache.hadoop.hdfs.DFSClient,DFSOutputStream ResponseProcessor exception  for block BP-1347369012-10.190.173.170-1444972147527:blk_1073743512_2731,E33,DFSOutputStream ResponseProcessor exception  for block BP-<*>:blk_<*>
126,2015-10-18,"18:01:57,119",INFO,AsyncDispatcher event handler,org.apache.hadoop.mapreduce.v2.app.job.impl.TaskAttemptImpl,Putting shuffle token in serviceData,E81,Putting shuffle token in serviceData
126,2015-10-18,"18:01:57,119",INFO,AsyncDispatcher event handler,org.apache.hadoop.mapreduce.v2.app.job.impl.TaskAttemptImpl,Putting shuffle token in serviceData,E81,Putting shuffle token in serviceData
126,2015-10-18,"18:01:57,119",INFO,AsyncDispatcher event handler,org.apache.hadoop.mapreduce.v2.app.job.impl.TaskAttemptImpl,Putting shuffle token in serviceData,E81,Putting shuffle token in serviceData
25,2015-10-18,"18:01:51,650",INFO,main,org.apache.hadoop.mapreduce.v2.app.job.impl.JobImpl,Input size for job job_1445144423722_0020 = 1256521728. Number of splits = 10,E48,Input size for job job_<*> = <*>. Number of splits = <*>
25,2015-10-18,"18:01:51,650",INFO,main,org.apache.hadoop.mapreduce.v2.app.job.impl.JobImpl,Input size for job job_1445144423722_0020 = 1256521728. Number of splits = 10,E48,Input size for job job_<*> = <*>. Number of splits = <*>
25,2015-10-18,"18:01:51,650",INFO,main,org.apache.hadoop.mapreduce.v2.app.job.impl.JobImpl,Input size for job job_1445144423722_0020 = 1256521728. Number of splits = 10,E48,Input size for job job_<*> = <*>. Number of splits = <*>
25,2015-10-18,"18:01:51,650",INFO,main,org.apache.hadoop.mapreduce.v2.app.job.impl.JobImpl,Input size for job job_1445144423722_0020 = 1256521728. Number of splits = 10,E48,Input size for job job_<*> = <*>. Number of splits = <*>
26,2015-10-18,"18:01:51,650",INFO,main,org.apache.hadoop.mapreduce.v2.app.job.impl.JobImpl,Number of reduces for job job_1445144423722_0020 = 1,E73,Number of reduces for job job_<*> = <*>
26,2015-10-18,"18:01:51,650",INFO,main,org.apache.hadoop.mapreduce.v2.app.job.impl.JobImpl,Number of reduces for job job_1445144423722_0020 = 1,E73,Number of reduces for job job_<*> = <*>
26,2015-10-18,"18:01:51,650",INFO,main,org.apache.hadoop.mapreduce.v2.app.job.impl.JobImpl,Number of reduces for job job_1445144423722_0020 = 1,E73,Number of reduces for job job_<*> = <*>
32,2015-10-18,"18:01:51,791",INFO,main,org.apache.hadoop.mapreduce.v2.app.client.MRClientService,Instantiated MRClientService at MININT-FNANLI5.fareast.corp.microsoft.com/10.86.169.121:62260,E49,Instantiated MRClientService at MININT-<*>/<*>:<*>
32,2015-10-18,"18:01:51,791",INFO,main,org.apache.hadoop.mapreduce.v2.app.client.MRClientService,Instantiated MRClientService at MININT-FNANLI5.fareast.corp.microsoft.com/10.86.169.121:62260,E49,Instantiated MRClientService at MININT-<*>/<*>:<*>
32,2015-10-18,"18:01:51,791",INFO,main,org.apache.hadoop.mapreduce.v2.app.client.MRClientService,Instantiated MRClientService at MININT-FNANLI5.fareast.corp.microsoft.com/10.86.169.121:62260,E49,Instantiated MRClientService at MININT-<*>/<*>:<*>
47,2015-10-18,"18:01:53,400",INFO,main,org.apache.hadoop.yarn.webapp.WebApps,Registered webapp guice modules,E88,Registered webapp guice modules
47,2015-10-18,"18:01:53,400",INFO,main,org.apache.hadoop.yarn.webapp.WebApps,Registered webapp guice modules,E88,Registered webapp guice modules
6,2015-10-18,"18:01:50,509",INFO,main,org.apache.hadoop.mapreduce.v2.app.MRAppMaster,OutputCommitter is org.apache.hadoop.mapreduce.lib.output.FileOutputCommitter,E75,OutputCommitter is org.apache.hadoop.mapreduce.lib.output.FileOutputCommitter
6,2015-10-18,"18:01:50,509",INFO,main,org.apache.hadoop.mapreduce.v2.app.MRAppMaster,OutputCommitter is org.apache.hadoop.mapreduce.lib.output.FileOutputCommitter,E75,OutputCommitter is org.apache.hadoop.mapreduce.lib.output.FileOutputCommitter
6,2015-10-18,"18:01:50,509",INFO,main,org.apache.hadoop.mapreduce.v2.app.MRAppMaster,OutputCommitter is org.apache.hadoop.mapreduce.lib.output.FileOutputCommitter,E75,OutputCommitter is org.apache.hadoop.mapreduce.lib.output.FileOutputCommitter
6,2015-10-18,"18:01:50,509",INFO,main,org.apache.hadoop.mapreduce.v2.app.MRAppMaster,OutputCommitter is org.apache.hadoop.mapreduce.lib.output.FileOutputCommitter,E75,OutputCommitter is org.apache.hadoop.mapreduce.lib.output.FileOutputCommitter
6,2015-10-18,"18:01:50,509",INFO,main,org.apache.hadoop.mapreduce.v2.app.MRAppMaster,OutputCommitter is org.apache.hadoop.mapreduce.lib.output.FileOutputCommitter,E75,OutputCommitter is org.apache.hadoop.mapreduce.lib.output.FileOutputCommitter
3,2015-10-18,"18:01:48,963",INFO,main,org.apache.hadoop.mapreduce.v2.app.MRAppMaster,"Kind: YARN_AM_RM_TOKEN, Service: , Ident: (appAttemptId { application_id { id: 20 cluster_timestamp: 1445144423722 } attemptId: 1 } keyId: -127633188)",E61,"Kind: YARN_AM_RM_TOKEN, Service: , Ident: (appAttemptId { application_id { id: <*> cluster_timestamp: <*> } attemptId: <*> } keyId: <*>)"
3,2015-10-18,"18:01:48,963",INFO,main,org.apache.hadoop.mapreduce.v2.app.MRAppMaster,"Kind: YARN_AM_RM_TOKEN, Service: , Ident: (appAttemptId { application_id { id: 20 cluster_timestamp: 1445144423722 } attemptId: 1 } keyId: -127633188)",E61,"Kind: YARN_AM_RM_TOKEN, Service: , Ident: (appAttemptId { application_id { id: <*> cluster_timestamp: <*> } attemptId: <*> } keyId: <*>)"
3,2015-10-18,"18:01:48,963",INFO,main,org.apache.hadoop.mapreduce.v2.app.MRAppMaster,"Kind: YARN_AM_RM_TOKEN, Service: , Ident: (appAttemptId { application_id { id: 20 cluster_timestamp: 1445144423722 } attemptId: 1 } keyId: -127633188)",E61,"Kind: YARN_AM_RM_TOKEN, Service: , Ident: (appAttemptId { application_id { id: <*> cluster_timestamp: <*> } attemptId: <*> } keyId: <*>)"
3,2015-10-18,"18:01:48,963",INFO,main,org.apache.hadoop.mapreduce.v2.app.MRAppMaster,"Kind: YARN_AM_RM_TOKEN, Service: , Ident: (appAttemptId { application_id { id: 20 cluster_timestamp: 1445144423722 } attemptId: 1 } keyId: -127633188)",E61,"Kind: YARN_AM_RM_TOKEN, Service: , Ident: (appAttemptId { application_id { id: <*> cluster_timestamp: <*> } attemptId: <*> } keyId: <*>)"
826,2015-10-18,"18:04:52,552",INFO,RMCommunicator Allocator,org.apache.hadoop.mapreduce.v2.app.rm.RMContainerAllocator,Received completed container container_1445144423722_0020_01_000005,E84,Received completed container container_<*>
667,2015-10-18,"18:04:11,034",INFO,RMCommunicator Allocator,org.apache.hadoop.mapreduce.v2.app.rm.RMContainerAllocator,Received completed container container_1445144423722_0020_01_000012,E84,Received completed container container_<*>
667,2015-10-18,"18:04:11,034",INFO,RMCommunicator Allocator,org.apache.hadoop.mapreduce.v2.app.rm.RMContainerAllocator,Received completed container container_1445144423722_0020_01_000012,E84,Received completed container container_<*>
651,2015-10-18,"18:04:09,268",INFO,ContainerLauncher #9,org.apache.hadoop.mapreduce.v2.app.launcher.ContainerLauncherImpl,Shuffle port returned by ContainerManager for attempt_1445144423722_0020_m_000009_0 : 13562,E94,Shuffle port returned by ContainerManager for attempt_<*> : <*>
169,2015-10-18,"18:02:01,041",INFO,ContainerLauncher #2,org.apache.hadoop.mapreduce.v2.app.launcher.ContainerLauncherImpl,Shuffle port returned by ContainerManager for attempt_1445144423722_0020_m_000002_0 : 13562,E94,Shuffle port returned by ContainerManager for attempt_<*> : <*>
908,2015-10-18,"18:05:57,009",WARN,ResponseProcessor for block BP-1347369012-10.190.173.170-1444972147527:blk_1073743512_2731,org.apache.hadoop.hdfs.DFSClient,"Slow ReadProcessor read fields took 65020ms (threshold=30000ms); ack: seqno: -2 status: SUCCESS status: ERROR downstreamAckTimeNanos: 0, targets: [10.86.169.121:50010, 10.190.173.170:50010]",E96,"Slow ReadProcessor read fields took <*>ms (threshold=<*>ms); ack: seqno: <*> status: SUCCESS status: ERROR downstreamAckTimeNanos: <*>, targets: [<*>:<*>, <*>:<*>]"
908,2015-10-18,"18:05:57,009",WARN,ResponseProcessor for block BP-1347369012-10.190.173.170-1444972147527:blk_1073743512_2731,org.apache.hadoop.hdfs.DFSClient,"Slow ReadProcessor read fields took 65020ms (threshold=30000ms); ack: seqno: -2 status: SUCCESS status: ERROR downstreamAckTimeNanos: 0, targets: [10.86.169.121:50010, 10.190.173.170:50010]",E96,"Slow ReadProcessor read fields took <*>ms (threshold=<*>ms); ack: seqno: <*> status: SUCCESS status: ERROR downstreamAckTimeNanos: <*>, targets: [<*>:<*>, <*>:<*>]"
908,2015-10-18,"18:05:57,009",WARN,ResponseProcessor for block BP-1347369012-10.190.173.170-1444972147527:blk_1073743512_2731,org.apache.hadoop.hdfs.DFSClient,"Slow ReadProcessor read fields took 65020ms (threshold=30000ms); ack: seqno: -2 status: SUCCESS status: ERROR downstreamAckTimeNanos: 0, targets: [10.86.169.121:50010, 10.190.173.170:50010]",E96,"Slow ReadProcessor read fields took <*>ms (threshold=<*>ms); ack: seqno: <*> status: SUCCESS status: ERROR downstreamAckTimeNanos: <*>, targets: [<*>:<*>, <*>:<*>]"
908,2015-10-18,"18:05:57,009",WARN,ResponseProcessor for block BP-1347369012-10.190.173.170-1444972147527:blk_1073743512_2731,org.apache.hadoop.hdfs.DFSClient,"Slow ReadProcessor read fields took 65020ms (threshold=30000ms); ack: seqno: -2 status: SUCCESS status: ERROR downstreamAckTimeNanos: 0, targets: [10.86.169.121:50010, 10.190.173.170:50010]",E96,"Slow ReadProcessor read fields took <*>ms (threshold=<*>ms); ack: seqno: <*> status: SUCCESS status: ERROR downstreamAckTimeNanos: <*>, targets: [<*>:<*>, <*>:<*>]"
27,2015-10-18,"18:01:51,650",INFO,main,org.apache.hadoop.mapreduce.v2.app.job.impl.JobImpl,job_1445144423722_0020Job Transitioned from NEW to INITED,E55,job_<*>Job Transitioned from NEW to INITED
537,2015-10-18,"18:03:55,939",INFO,AsyncDispatcher event handler,org.apache.hadoop.mapreduce.v2.app.job.impl.TaskAttemptImpl,attempt_1445144423722_0020_m_000005_0 TaskAttempt Transitioned from ASSIGNED to RUNNING,E14,attempt_<*> TaskAttempt Transitioned from ASSIGNED to RUNNING
1034,2015-10-18,"18:06:26,139",WARN,CommitterEvent Processor #1,org.apache.hadoop.mapreduce.v2.app.commit.CommitterEventHandler,Task cleanup failed for attempt attempt_1445144423722_0020_m_000002_0,E99,Task cleanup failed for attempt attempt_<*>
1034,2015-10-18,"18:06:26,139",WARN,CommitterEvent Processor #1,org.apache.hadoop.mapreduce.v2.app.commit.CommitterEventHandler,Task cleanup failed for attempt attempt_1445144423722_0020_m_000002_0,E99,Task cleanup failed for attempt attempt_<*>
1063,2015-10-18,"18:06:28,248",WARN,CommitterEvent Processor #2,org.apache.hadoop.mapreduce.v2.app.commit.CommitterEventHandler,Task cleanup failed for attempt attempt_1445144423722_0020_m_000001_0,E99,Task cleanup failed for attempt attempt_<*>
1063,2015-10-18,"18:06:28,248",WARN,CommitterEvent Processor #2,org.apache.hadoop.mapreduce.v2.app.commit.CommitterEventHandler,Task cleanup failed for attempt attempt_1445144423722_0020_m_000001_0,E99,Task cleanup failed for attempt attempt_<*>
1034,2015-10-18,"18:06:26,139",WARN,CommitterEvent Processor #1,org.apache.hadoop.mapreduce.v2.app.commit.CommitterEventHandler,Task cleanup failed for attempt attempt_1445144423722_0020_m_000002_0,E99,Task cleanup failed for attempt attempt_<*>
205,2015-10-18,"18:02:12,855",INFO,IPC Server handler 13 on 62270,org.apache.hadoop.mapred.TaskAttemptListenerImpl,JVM with ID: jvm_1445144423722_0020_m_000004 given task: attempt_1445144423722_0020_m_000002_0,E59,JVM with ID: jvm_<*> given task: <*>_<*>
563,2015-10-18,"18:03:57,564",INFO,IPC Server handler 20 on 62270,org.apache.hadoop.mapred.TaskAttemptListenerImpl,JVM with ID: jvm_1445144423722_0020_m_000007 given task: attempt_1445144423722_0020_m_000005_0,E59,JVM with ID: jvm_<*> given task: <*>_<*>
188,2015-10-18,"18:02:05,870",INFO,IPC Server handler 27 on 62270,org.apache.hadoop.mapred.TaskAttemptListenerImpl,JVM with ID: jvm_1445144423722_0020_m_000003 given task: attempt_1445144423722_0020_m_000001_0,E59,JVM with ID: jvm_<*> given task: <*>_<*>
564,2015-10-18,"18:03:57,564",INFO,IPC Server handler 12 on 62270,org.apache.hadoop.mapred.TaskAttemptListenerImpl,JVM with ID: jvm_1445144423722_0020_m_000006 given task: attempt_1445144423722_0020_m_000004_0,E59,JVM with ID: jvm_<*> given task: <*>_<*>
232,2015-10-18,"18:02:24,949",INFO,IPC Server handler 13 on 62270,org.apache.hadoop.mapred.TaskAttemptListenerImpl,Progress of TaskAttempt attempt_1445144423722_0020_m_000001_0 is : 0.079464614,E80,Progress of TaskAttempt attempt_<*> is : <*>.<*>
706,2015-10-18,"18:04:20,550",INFO,IPC Server handler 2 on 62270,org.apache.hadoop.mapred.TaskAttemptListenerImpl,Progress of TaskAttempt attempt_1445144423722_0020_m_000003_0 is : 0.667,E80,Progress of TaskAttempt attempt_<*> is : <*>.<*>
423,2015-10-18,"18:03:24,562",INFO,IPC Server handler 5 on 62270,org.apache.hadoop.mapred.TaskAttemptListenerImpl,Progress of TaskAttempt attempt_1445144423722_0020_m_000001_0 is : 0.19211523,E80,Progress of TaskAttempt attempt_<*> is : <*>.<*>
355,2015-10-18,"18:03:03,154",INFO,IPC Server handler 27 on 62270,org.apache.hadoop.mapred.TaskAttemptListenerImpl,Progress of TaskAttempt attempt_1445144423722_0020_m_000000_0 is : 0.1430594,E80,Progress of TaskAttempt attempt_<*> is : <*>.<*>
1061,2015-10-18,"18:06:28,233",INFO,CommitterEvent Processor #2,org.apache.hadoop.mapreduce.v2.app.commit.CommitterEventHandler,Processing the event EventType: TASK_ABORT,E79,Processing the event EventType: TASK_ABORT
1061,2015-10-18,"18:06:28,233",INFO,CommitterEvent Processor #2,org.apache.hadoop.mapreduce.v2.app.commit.CommitterEventHandler,Processing the event EventType: TASK_ABORT,E79,Processing the event EventType: TASK_ABORT
1032,2015-10-18,"18:06:26,123",INFO,CommitterEvent Processor #1,org.apache.hadoop.mapreduce.v2.app.commit.CommitterEventHandler,Processing the event EventType: TASK_ABORT,E79,Processing the event EventType: TASK_ABORT
1061,2015-10-18,"18:06:28,233",INFO,CommitterEvent Processor #2,org.apache.hadoop.mapreduce.v2.app.commit.CommitterEventHandler,Processing the event EventType: TASK_ABORT,E79,Processing the event EventType: TASK_ABORT
1061,2015-10-18,"18:06:28,233",INFO,CommitterEvent Processor #2,org.apache.hadoop.mapreduce.v2.app.commit.CommitterEventHandler,Processing the event EventType: TASK_ABORT,E79,Processing the event EventType: TASK_ABORT
1,2015-10-18,"18:01:47,978",INFO,main,org.apache.hadoop.mapreduce.v2.app.MRAppMaster,Created MRAppMaster for application appattempt_1445144423722_0020_000001,E29,Created MRAppMaster for application appattempt_<*>
1,2015-10-18,"18:01:47,978",INFO,main,org.apache.hadoop.mapreduce.v2.app.MRAppMaster,Created MRAppMaster for application appattempt_1445144423722_0020_000001,E29,Created MRAppMaster for application appattempt_<*>
1,2015-10-18,"18:01:47,978",INFO,main,org.apache.hadoop.mapreduce.v2.app.MRAppMaster,Created MRAppMaster for application appattempt_1445144423722_0020_000001,E29,Created MRAppMaster for application appattempt_<*>
48,2015-10-18,"18:01:53,400",INFO,main,org.apache.hadoop.ipc.CallQueueManager,Using callQueue class java.util.concurrent.LinkedBlockingQueue,E110,Using callQueue class java.util.concurrent.LinkedBlockingQueue
29,2015-10-18,"18:01:51,713",INFO,main,org.apache.hadoop.ipc.CallQueueManager,Using callQueue class java.util.concurrent.LinkedBlockingQueue,E110,Using callQueue class java.util.concurrent.LinkedBlockingQueue
29,2015-10-18,"18:01:51,713",INFO,main,org.apache.hadoop.ipc.CallQueueManager,Using callQueue class java.util.concurrent.LinkedBlockingQueue,E110,Using callQueue class java.util.concurrent.LinkedBlockingQueue
29,2015-10-18,"18:01:51,713",INFO,main,org.apache.hadoop.ipc.CallQueueManager,Using callQueue class java.util.concurrent.LinkedBlockingQueue,E110,Using callQueue class java.util.concurrent.LinkedBlockingQueue
819,2015-10-18,"18:04:51,755",INFO,AsyncDispatcher event handler,org.apache.hadoop.mapreduce.v2.app.job.impl.TaskImpl,Scheduling a redundant attempt for task task_1445144423722_0020_m_000000,E93,Scheduling a redundant attempt for task task_<*>
819,2015-10-18,"18:04:51,755",INFO,AsyncDispatcher event handler,org.apache.hadoop.mapreduce.v2.app.job.impl.TaskImpl,Scheduling a redundant attempt for task task_1445144423722_0020_m_000000,E93,Scheduling a redundant attempt for task task_<*>
819,2015-10-18,"18:04:51,755",INFO,AsyncDispatcher event handler,org.apache.hadoop.mapreduce.v2.app.job.impl.TaskImpl,Scheduling a redundant attempt for task task_1445144423722_0020_m_000000,E93,Scheduling a redundant attempt for task task_<*>
819,2015-10-18,"18:04:51,755",INFO,AsyncDispatcher event handler,org.apache.hadoop.mapreduce.v2.app.job.impl.TaskImpl,Scheduling a redundant attempt for task task_1445144423722_0020_m_000000,E93,Scheduling a redundant attempt for task task_<*>
1669,2015-10-18,"18:09:20,462",INFO,RMCommunicator Allocator,org.apache.hadoop.ipc.Client,"Retrying connect to server: msra-sa-41:8030. Already tried 0 time(s); retry policy is RetryUpToMaximumCountWithFixedSleep(maxRetries=10, sleepTime=1000 MILLISECONDS)",E91,"Retrying connect to server: <*>:<*>. Already tried <*> time(s); retry policy is RetryUpToMaximumCountWithFixedSleep(maxRetries=<*>, sleepTime=<*> MILLISECONDS)"
1473,2015-10-18,"18:08:24,302",INFO,RMCommunicator Allocator,org.apache.hadoop.ipc.Client,"Retrying connect to server: msra-sa-41:8030. Already tried 0 time(s); retry policy is RetryUpToMaximumCountWithFixedSleep(maxRetries=10, sleepTime=1000 MILLISECONDS)",E91,"Retrying connect to server: <*>:<*>. Already tried <*> time(s); retry policy is RetryUpToMaximumCountWithFixedSleep(maxRetries=<*>, sleepTime=<*> MILLISECONDS)"
1068,2015-10-18,"18:06:28,248",INFO,Thread-50,org.apache.hadoop.mapreduce.v2.app.rm.RMContainerRequestor,2 failures on node MININT-FNANLI5.fareast.corp.microsoft.com,E1,<*> failures on node MININT-<*>
1041,2015-10-18,"18:06:26,139",INFO,Thread-50,org.apache.hadoop.mapreduce.v2.app.rm.RMContainerRequestor,1 failures on node MININT-FNANLI5.fareast.corp.microsoft.com,E1,<*> failures on node MININT-<*>
1068,2015-10-18,"18:06:28,248",INFO,Thread-50,org.apache.hadoop.mapreduce.v2.app.rm.RMContainerRequestor,2 failures on node MININT-FNANLI5.fareast.corp.microsoft.com,E1,<*> failures on node MININT-<*>
1068,2015-10-18,"18:06:28,248",INFO,Thread-50,org.apache.hadoop.mapreduce.v2.app.rm.RMContainerRequestor,2 failures on node MININT-FNANLI5.fareast.corp.microsoft.com,E1,<*> failures on node MININT-<*>
168,2015-10-18,"18:02:00,979",INFO,ContainerLauncher #2,org.apache.hadoop.yarn.client.api.impl.ContainerManagementProtocolProxy,Opening proxy : MININT-FNANLI5.fareast.corp.microsoft.com:52368,E74,Opening proxy : <*>:<*>
553,2015-10-18,"18:03:56,548",INFO,ContainerLauncher #6,org.apache.hadoop.yarn.client.api.impl.ContainerManagementProtocolProxy,Opening proxy : MSRA-SA-41.fareast.corp.microsoft.com:7109,E74,Opening proxy : <*>:<*>
130,2015-10-18,"18:01:57,291",INFO,ContainerLauncher #0,org.apache.hadoop.yarn.client.api.impl.ContainerManagementProtocolProxy,Opening proxy : 04DN8IQ.fareast.corp.microsoft.com:54883,E74,Opening proxy : <*>:<*>
130,2015-10-18,"18:01:57,291",INFO,ContainerLauncher #0,org.apache.hadoop.yarn.client.api.impl.ContainerManagementProtocolProxy,Opening proxy : 04DN8IQ.fareast.corp.microsoft.com:54883,E74,Opening proxy : <*>:<*>
52,2015-10-18,"18:01:53,447",INFO,main,org.apache.hadoop.mapreduce.v2.app.rm.RMContainerRequestor,blacklistDisablePercent is 33,E25,blacklistDisablePercent is <*>
52,2015-10-18,"18:01:53,447",INFO,main,org.apache.hadoop.mapreduce.v2.app.rm.RMContainerRequestor,blacklistDisablePercent is 33,E25,blacklistDisablePercent is <*>
52,2015-10-18,"18:01:53,447",INFO,main,org.apache.hadoop.mapreduce.v2.app.rm.RMContainerRequestor,blacklistDisablePercent is 33,E25,blacklistDisablePercent is <*>
125,2015-10-18,"18:01:57,119",INFO,AsyncDispatcher event handler,org.apache.hadoop.mapreduce.v2.app.job.impl.TaskAttemptImpl,Size of containertokens_dob is 1,E95,Size of containertokens_dob is <*>
125,2015-10-18,"18:01:57,119",INFO,AsyncDispatcher event handler,org.apache.hadoop.mapreduce.v2.app.job.impl.TaskAttemptImpl,Size of containertokens_dob is 1,E95,Size of containertokens_dob is <*>
125,2015-10-18,"18:01:57,119",INFO,AsyncDispatcher event handler,org.apache.hadoop.mapreduce.v2.app.job.impl.TaskAttemptImpl,Size of containertokens_dob is 1,E95,Size of containertokens_dob is <*>
38,2015-10-18,"18:01:51,916",INFO,main,org.apache.hadoop.http.HttpServer2,Added filter AM_PROXY_FILTER (class=org.apache.hadoop.yarn.server.webproxy.amfilter.AmIpFilter) to context mapreduce,E3,Added filter AM_PROXY_FILTER (class=org.apache.hadoop.yarn.server.webproxy.amfilter.AmIpFilter) to context mapreduce
39,2015-10-18,"18:01:51,916",INFO,main,org.apache.hadoop.http.HttpServer2,Added filter AM_PROXY_FILTER (class=org.apache.hadoop.yarn.server.webproxy.amfilter.AmIpFilter) to context static,E4,Added filter AM_PROXY_FILTER (class=org.apache.hadoop.yarn.server.webproxy.amfilter.AmIpFilter) to context static
37,2015-10-18,"18:01:51,916",INFO,main,org.apache.hadoop.http.HttpServer2,Added global filter 'safety' (class=org.apache.hadoop.http.HttpServer2$QuotingInputFilter),E5,Added global filter 'safety' (class=org.apache.hadoop.http.HttpServer2$QuotingInputFilter)
22,2015-10-18,"18:01:51,306",INFO,main,org.apache.hadoop.metrics2.impl.MetricsSystemImpl,MRAppMaster metrics system started,E69,MRAppMaster metrics system started
22,2015-10-18,"18:01:51,306",INFO,main,org.apache.hadoop.metrics2.impl.MetricsSystemImpl,MRAppMaster metrics system started,E69,MRAppMaster metrics system started
22,2015-10-18,"18:01:51,306",INFO,main,org.apache.hadoop.metrics2.impl.MetricsSystemImpl,MRAppMaster metrics system started,E69,MRAppMaster metrics system started
22,2015-10-18,"18:01:51,306",INFO,main,org.apache.hadoop.metrics2.impl.MetricsSystemImpl,MRAppMaster metrics system started,E69,MRAppMaster metrics system started
806,2015-10-18,"18:04:50,755",INFO,AsyncDispatcher event handler,org.apache.hadoop.mapreduce.v2.app.job.impl.TaskImpl,Task succeeded with attempt attempt_1445144423722_0020_m_000003_0,E100,Task succeeded with attempt attempt_<*>
806,2015-10-18,"18:04:50,755",INFO,AsyncDispatcher event handler,org.apache.hadoop.mapreduce.v2.app.job.impl.TaskImpl,Task succeeded with attempt attempt_1445144423722_0020_m_000003_0,E100,Task succeeded with attempt attempt_<*>
806,2015-10-18,"18:04:50,755",INFO,AsyncDispatcher event handler,org.apache.hadoop.mapreduce.v2.app.job.impl.TaskImpl,Task succeeded with attempt attempt_1445144423722_0020_m_000003_0,E100,Task succeeded with attempt attempt_<*>
806,2015-10-18,"18:04:50,755",INFO,AsyncDispatcher event handler,org.apache.hadoop.mapreduce.v2.app.job.impl.TaskImpl,Task succeeded with attempt attempt_1445144423722_0020_m_000003_0,E100,Task succeeded with attempt attempt_<*>
31,2015-10-18,"18:01:51,791",INFO,main,org.apache.hadoop.yarn.factories.impl.pb.RpcServerFactoryPBImpl,Adding protocol org.apache.hadoop.mapreduce.v2.api.MRClientProtocolPB to the server,E9,Adding protocol org.apache.hadoop.mapreduce.v2.api.MRClientProtocolPB to the server
55,2015-10-18,"18:01:53,510",INFO,IPC Server Responder,org.apache.hadoop.ipc.Server,IPC Server Responder: starting,E51,IPC Server Responder: starting
34,2015-10-18,"18:01:51,806",INFO,IPC Server listener on 62260,org.apache.hadoop.ipc.Server,IPC Server listener on 62260: starting,E50,IPC Server listener on <*>: starting
33,2015-10-18,"18:01:51,806",INFO,IPC Server Responder,org.apache.hadoop.ipc.Server,IPC Server Responder: starting,E51,IPC Server Responder: starting
34,2015-10-18,"18:01:51,806",INFO,IPC Server listener on 62260,org.apache.hadoop.ipc.Server,IPC Server listener on 62260: starting,E50,IPC Server listener on <*>: starting
34,2015-10-18,"18:01:51,806",INFO,IPC Server listener on 62260,org.apache.hadoop.ipc.Server,IPC Server listener on 62260: starting,E50,IPC Server listener on <*>: starting
163,2015-10-18,"18:02:00,963",INFO,RMCommunicator Allocator,org.apache.hadoop.mapreduce.v2.app.rm.RMContainerAllocator,After Scheduling: PendingReds:1 ScheduledMaps:7 ScheduledReds:0 AssignedMaps:3 AssignedReds:0 CompletedMaps:0 CompletedReds:0 ContAlloc:3 ContRel:0 HostLocal:0 RackLocal:3,E11,After Scheduling: PendingReds:<*> ScheduledMaps:<*> ScheduledReds:<*> AssignedMaps:<*> AssignedReds:<*> CompletedMaps:<*> CompletedReds:0 ContAlloc:<*> ContRel:<*> HostLocal:<*> RackLocal:<*>
1039,2015-10-18,"18:06:26,139",ERROR,eventHandlingThread,org.apache.hadoop.mapreduce.jobhistory.JobHistoryEventHandler,Error writing History Event: org.apache.hadoop.mapreduce.jobhistory.TaskAttemptUnsuccessfulCompletionEvent@7317849d,E40,Error writing History Event: org.apache.hadoop.mapreduce.jobhistory.TaskAttemptUnsuccessfulCompletionEvent@<*>
1039,2015-10-18,"18:06:26,139",ERROR,eventHandlingThread,org.apache.hadoop.mapreduce.jobhistory.JobHistoryEventHandler,Error writing History Event: org.apache.hadoop.mapreduce.jobhistory.TaskAttemptUnsuccessfulCompletionEvent@7317849d,E40,Error writing History Event: org.apache.hadoop.mapreduce.jobhistory.TaskAttemptUnsuccessfulCompletionEvent@<*>
1039,2015-10-18,"18:06:26,139",ERROR,eventHandlingThread,org.apache.hadoop.mapreduce.jobhistory.JobHistoryEventHandler,Error writing History Event: org.apache.hadoop.mapreduce.jobhistory.TaskAttemptUnsuccessfulCompletionEvent@7317849d,E40,Error writing History Event: org.apache.hadoop.mapreduce.jobhistory.TaskAttemptUnsuccessfulCompletionEvent@<*>
1039,2015-10-18,"18:06:26,139",ERROR,eventHandlingThread,org.apache.hadoop.mapreduce.jobhistory.JobHistoryEventHandler,Error writing History Event: org.apache.hadoop.mapreduce.jobhistory.TaskAttemptUnsuccessfulCompletionEvent@7317849d,E40,Error writing History Event: org.apache.hadoop.mapreduce.jobhistory.TaskAttemptUnsuccessfulCompletionEvent@<*>
18,2015-10-18,"18:01:50,728",INFO,main,org.apache.hadoop.mapreduce.jobhistory.JobHistoryEventHandler,Emitting job history data to the timeline server is not enabled,E37,Emitting job history data to the timeline server is not enabled
18,2015-10-18,"18:01:50,728",INFO,main,org.apache.hadoop.mapreduce.jobhistory.JobHistoryEventHandler,Emitting job history data to the timeline server is not enabled,E37,Emitting job history data to the timeline server is not enabled
18,2015-10-18,"18:01:50,728",INFO,main,org.apache.hadoop.mapreduce.jobhistory.JobHistoryEventHandler,Emitting job history data to the timeline server is not enabled,E37,Emitting job history data to the timeline server is not enabled
18,2015-10-18,"18:01:50,728",INFO,main,org.apache.hadoop.mapreduce.jobhistory.JobHistoryEventHandler,Emitting job history data to the timeline server is not enabled,E37,Emitting job history data to the timeline server is not enabled
18,2015-10-18,"18:01:50,728",INFO,main,org.apache.hadoop.mapreduce.jobhistory.JobHistoryEventHandler,Emitting job history data to the timeline server is not enabled,E37,Emitting job history data to the timeline server is not enabled
36,2015-10-18,"18:01:51,900",INFO,main,org.apache.hadoop.http.HttpRequestLog,Http request log for http.requests.mapreduce is not defined,E47,Http request log for http.requests.mapreduce is not defined
36,2015-10-18,"18:01:51,900",INFO,main,org.apache.hadoop.http.HttpRequestLog,Http request log for http.requests.mapreduce is not defined,E47,Http request log for http.requests.mapreduce is not defined
36,2015-10-18,"18:01:51,900",INFO,main,org.apache.hadoop.http.HttpRequestLog,Http request log for http.requests.mapreduce is not defined,E47,Http request log for http.requests.mapreduce is not defined
36,2015-10-18,"18:01:51,900",INFO,main,org.apache.hadoop.http.HttpRequestLog,Http request log for http.requests.mapreduce is not defined,E47,Http request log for http.requests.mapreduce is not defined
36,2015-10-18,"18:01:51,900",INFO,main,org.apache.hadoop.http.HttpRequestLog,Http request log for http.requests.mapreduce is not defined,E47,Http request log for http.requests.mapreduce is not defined
23,2015-10-18,"18:01:51,322",INFO,main,org.apache.hadoop.mapreduce.v2.app.job.impl.JobImpl,Adding job token for job_1445144423722_0020 to jobTokenSecretManager,E7,Adding job token for job_<*> to jobTokenSecretManager
23,2015-10-18,"18:01:51,322",INFO,main,org.apache.hadoop.mapreduce.v2.app.job.impl.JobImpl,Adding job token for job_1445144423722_0020 to jobTokenSecretManager,E7,Adding job token for job_<*> to jobTokenSecretManager
1021,2015-10-18,"18:06:26,029",INFO,IPC Server handler 13 on 62270,org.apache.hadoop.mapred.TaskAttemptListenerImpl,Diagnostics report from attempt_1445144423722_0020_m_000002_0: Error: java.net.NoRouteToHostException: No Route to Host from  MININT-FNANLI5/127.0.0.1 to msra-sa-41:9000 failed on socket timeout exception: java.net.NoRouteToHostException: No route to host: no further information; For more details see:  http://wiki.apache.org/hadoop/NoRouteToHost,E35,Diagnostics report from attempt_<*>: Error: java.net.NoRouteToHostException: No Route to Host from  MININT-<*>/<*> to <*>:<*> failed on socket timeout exception: java.net.NoRouteToHostException: No route to host: no further information; For more details see:  http://wiki.apache.org/hadoop/NoRouteToHost
51,2015-10-18,"18:01:53,447",INFO,main,org.apache.hadoop.mapreduce.v2.app.rm.RMContainerRequestor,maxTaskFailuresPerNode is 3,E67,maxTaskFailuresPerNode is <*>
51,2015-10-18,"18:01:53,447",INFO,main,org.apache.hadoop.mapreduce.v2.app.rm.RMContainerRequestor,maxTaskFailuresPerNode is 3,E67,maxTaskFailuresPerNode is <*>
551,2015-10-18,"18:03:56,548",INFO,ContainerLauncher #6,org.apache.hadoop.mapreduce.v2.app.launcher.ContainerLauncherImpl,Processing the event EventType: CONTAINER_REMOTE_LAUNCH for container container_1445144423722_0020_01_000008 taskAttempt attempt_1445144423722_0020_m_000006_0,E77,Processing the event EventType: CONTAINER_REMOTE_<*> for container container_<*> taskAttempt attempt_<*>
668,2015-10-18,"18:04:11,034",ERROR,RMCommunicator Allocator,org.apache.hadoop.mapreduce.v2.app.rm.RMContainerAllocator,Container complete event for unknown container id container_1445144423722_0020_01_000012,E28,Container complete event for unknown container id container_<*>
668,2015-10-18,"18:04:11,034",ERROR,RMCommunicator Allocator,org.apache.hadoop.mapreduce.v2.app.rm.RMContainerAllocator,Container complete event for unknown container id container_1445144423722_0020_01_000012,E28,Container complete event for unknown container id container_<*>
668,2015-10-18,"18:04:11,034",ERROR,RMCommunicator Allocator,org.apache.hadoop.mapreduce.v2.app.rm.RMContainerAllocator,Container complete event for unknown container id container_1445144423722_0020_01_000012,E28,Container complete event for unknown container id container_<*>
812,2015-10-18,"18:04:51,114",INFO,RMCommunicator Allocator,org.apache.hadoop.mapreduce.v2.app.rm.RMContainerAllocator,All maps assigned. Ramping up all remaining reduces:1,E12,All maps assigned. Ramping up all remaining reduces:<*>
812,2015-10-18,"18:04:51,114",INFO,RMCommunicator Allocator,org.apache.hadoop.mapreduce.v2.app.rm.RMContainerAllocator,All maps assigned. Ramping up all remaining reduces:1,E12,All maps assigned. Ramping up all remaining reduces:<*>
812,2015-10-18,"18:04:51,114",INFO,RMCommunicator Allocator,org.apache.hadoop.mapreduce.v2.app.rm.RMContainerAllocator,All maps assigned. Ramping up all remaining reduces:1,E12,All maps assigned. Ramping up all remaining reduces:<*>
812,2015-10-18,"18:04:51,114",INFO,RMCommunicator Allocator,org.apache.hadoop.mapreduce.v2.app.rm.RMContainerAllocator,All maps assigned. Ramping up all remaining reduces:1,E12,All maps assigned. Ramping up all remaining reduces:<*>
4,2015-10-18,"18:01:49,228",INFO,main,org.apache.hadoop.mapreduce.v2.app.MRAppMaster,Using mapred newApiCommitter.,E111,Using mapred newApiCommitter.
4,2015-10-18,"18:01:49,228",INFO,main,org.apache.hadoop.mapreduce.v2.app.MRAppMaster,Using mapred newApiCommitter.,E111,Using mapred newApiCommitter.
4,2015-10-18,"18:01:49,228",INFO,main,org.apache.hadoop.mapreduce.v2.app.MRAppMaster,Using mapred newApiCommitter.,E111,Using mapred newApiCommitter.
4,2015-10-18,"18:01:49,228",INFO,main,org.apache.hadoop.mapreduce.v2.app.MRAppMaster,Using mapred newApiCommitter.,E111,Using mapred newApiCommitter.
108,2015-10-18,"18:01:53,900",INFO,Thread-50,org.apache.hadoop.mapreduce.v2.app.rm.RMContainerAllocator,"reduceResourceRequest:<memory:1024, vCores:1>",E87,"reduceResourceRequest:<memory:<*>, vCores:<*>>"
108,2015-10-18,"18:01:53,900",INFO,Thread-50,org.apache.hadoop.mapreduce.v2.app.rm.RMContainerAllocator,"reduceResourceRequest:<memory:1024, vCores:1>",E87,"reduceResourceRequest:<memory:<*>, vCores:<*>>"
108,2015-10-18,"18:01:53,900",INFO,Thread-50,org.apache.hadoop.mapreduce.v2.app.rm.RMContainerAllocator,"reduceResourceRequest:<memory:1024, vCores:1>",E87,"reduceResourceRequest:<memory:<*>, vCores:<*>>"
817,2015-10-18,"18:04:51,755",INFO,DefaultSpeculator background processing,org.apache.hadoop.mapreduce.v2.app.speculate.DefaultSpeculator,DefaultSpeculator.addSpeculativeAttempt -- we are speculating task_1445144423722_0020_m_000000,E32,DefaultSpeculator.addSpeculativeAttempt -- we are speculating task_<*>
817,2015-10-18,"18:04:51,755",INFO,DefaultSpeculator background processing,org.apache.hadoop.mapreduce.v2.app.speculate.DefaultSpeculator,DefaultSpeculator.addSpeculativeAttempt -- we are speculating task_1445144423722_0020_m_000000,E32,DefaultSpeculator.addSpeculativeAttempt -- we are speculating task_<*>
817,2015-10-18,"18:04:51,755",INFO,DefaultSpeculator background processing,org.apache.hadoop.mapreduce.v2.app.speculate.DefaultSpeculator,DefaultSpeculator.addSpeculativeAttempt -- we are speculating task_1445144423722_0020_m_000000,E32,DefaultSpeculator.addSpeculativeAttempt -- we are speculating task_<*>
35,2015-10-18,"18:01:51,885",INFO,main,org.mortbay.log,Logging to org.slf4j.impl.Log4jLoggerAdapter(org.mortbay.log) via org.mortbay.log.Slf4jLog,E64,Logging to <*>(org.mortbay.log) via <*>
35,2015-10-18,"18:01:51,885",INFO,main,org.mortbay.log,Logging to org.slf4j.impl.Log4jLoggerAdapter(org.mortbay.log) via org.mortbay.log.Slf4jLog,E64,Logging to <*>(org.mortbay.log) via <*>
35,2015-10-18,"18:01:51,885",INFO,main,org.mortbay.log,Logging to org.slf4j.impl.Log4jLoggerAdapter(org.mortbay.log) via org.mortbay.log.Slf4jLog,E64,Logging to <*>(org.mortbay.log) via <*>
35,2015-10-18,"18:01:51,885",INFO,main,org.mortbay.log,Logging to org.slf4j.impl.Log4jLoggerAdapter(org.mortbay.log) via org.mortbay.log.Slf4jLog,E64,Logging to <*>(org.mortbay.log) via <*>
35,2015-10-18,"18:01:51,885",INFO,main,org.mortbay.log,Logging to org.slf4j.impl.Log4jLoggerAdapter(org.mortbay.log) via org.mortbay.log.Slf4jLog,E64,Logging to <*>(org.mortbay.log) via <*>
35,2015-10-18,"18:01:51,885",INFO,main,org.mortbay.log,Logging to org.slf4j.impl.Log4jLoggerAdapter(org.mortbay.log) via org.mortbay.log.Slf4jLog,E64,Logging to <*>(org.mortbay.log) via <*>
57,2015-10-18,"18:01:53,713",INFO,main,org.apache.hadoop.mapreduce.v2.app.rm.RMContainerAllocator,"maxContainerCapability: <memory:8192, vCores:32>",E66,"maxContainerCapability: <memory:<*>, vCores:<*>>"
57,2015-10-18,"18:01:53,713",INFO,main,org.apache.hadoop.mapreduce.v2.app.rm.RMContainerAllocator,"maxContainerCapability: <memory:8192, vCores:32>",E66,"maxContainerCapability: <memory:<*>, vCores:<*>>"
57,2015-10-18,"18:01:53,713",INFO,main,org.apache.hadoop.mapreduce.v2.app.rm.RMContainerAllocator,"maxContainerCapability: <memory:8192, vCores:32>",E66,"maxContainerCapability: <memory:<*>, vCores:<*>>"
57,2015-10-18,"18:01:53,713",INFO,main,org.apache.hadoop.mapreduce.v2.app.rm.RMContainerAllocator,"maxContainerCapability: <memory:8192, vCores:32>",E66,"maxContainerCapability: <memory:<*>, vCores:<*>>"
57,2015-10-18,"18:01:53,713",INFO,main,org.apache.hadoop.mapreduce.v2.app.rm.RMContainerAllocator,"maxContainerCapability: <memory:8192, vCores:32>",E66,"maxContainerCapability: <memory:<*>, vCores:<*>>"
57,2015-10-18,"18:01:53,713",INFO,main,org.apache.hadoop.mapreduce.v2.app.rm.RMContainerAllocator,"maxContainerCapability: <memory:8192, vCores:32>",E66,"maxContainerCapability: <memory:<*>, vCores:<*>>"
5,2015-10-18,"18:01:50,353",INFO,main,org.apache.hadoop.mapreduce.v2.app.MRAppMaster,OutputCommitter set in config null,E76,OutputCommitter set in config null
5,2015-10-18,"18:01:50,353",INFO,main,org.apache.hadoop.mapreduce.v2.app.MRAppMaster,OutputCommitter set in config null,E76,OutputCommitter set in config null
5,2015-10-18,"18:01:50,353",INFO,main,org.apache.hadoop.mapreduce.v2.app.MRAppMaster,OutputCommitter set in config null,E76,OutputCommitter set in config null
5,2015-10-18,"18:01:50,353",INFO,main,org.apache.hadoop.mapreduce.v2.app.MRAppMaster,OutputCommitter set in config null,E76,OutputCommitter set in config null
2,2015-10-18,"18:01:48,963",INFO,main,org.apache.hadoop.mapreduce.v2.app.MRAppMaster,Executing with tokens:,E42,Executing with tokens:
2,2015-10-18,"18:01:48,963",INFO,main,org.apache.hadoop.mapreduce.v2.app.MRAppMaster,Executing with tokens:,E42,Executing with tokens:
2,2015-10-18,"18:01:48,963",INFO,main,org.apache.hadoop.mapreduce.v2.app.MRAppMaster,Executing with tokens:,E42,Executing with tokens:
2,2015-10-18,"18:01:48,963",INFO,main,org.apache.hadoop.mapreduce.v2.app.MRAppMaster,Executing with tokens:,E42,Executing with tokens:
2,2015-10-18,"18:01:48,963",INFO,main,org.apache.hadoop.mapreduce.v2.app.MRAppMaster,Executing with tokens:,E42,Executing with tokens:
357,2015-10-18,"18:03:03,373",INFO,RMCommunicator Allocator,org.apache.hadoop.mapreduce.v2.app.rm.RMContainerAllocator,Reduce slow start threshold not met. completedMapsForReduceSlowstart 1,E85,Reduce slow start threshold not met. completedMapsForReduceSlowstart <*>
311,2015-10-18,"18:02:48,544",INFO,RMCommunicator Allocator,org.apache.hadoop.mapreduce.v2.app.rm.RMContainerAllocator,Reduce slow start threshold not met. completedMapsForReduceSlowstart 1,E85,Reduce slow start threshold not met. completedMapsForReduceSlowstart <*>
798,2015-10-18,"18:04:50,208",INFO,IPC Server handler 26 on 62270,org.apache.hadoop.mapred.TaskAttemptListenerImpl,Done acknowledgement from attempt_1445144423722_0020_m_000003_0,E36,Done acknowledgement from attempt_<*>
798,2015-10-18,"18:04:50,208",INFO,IPC Server handler 26 on 62270,org.apache.hadoop.mapred.TaskAttemptListenerImpl,Done acknowledgement from attempt_1445144423722_0020_m_000003_0,E36,Done acknowledgement from attempt_<*>
798,2015-10-18,"18:04:50,208",INFO,IPC Server handler 26 on 62270,org.apache.hadoop.mapred.TaskAttemptListenerImpl,Done acknowledgement from attempt_1445144423722_0020_m_000003_0,E36,Done acknowledgement from attempt_<*>
21,2015-10-18,"18:01:51,306",INFO,main,org.apache.hadoop.metrics2.impl.MetricsSystemImpl,Scheduled snapshot period at 10 second(s).,E92,Scheduled snapshot period at <*> second(s).
21,2015-10-18,"18:01:51,306",INFO,main,org.apache.hadoop.metrics2.impl.MetricsSystemImpl,Scheduled snapshot period at 10 second(s).,E92,Scheduled snapshot period at <*> second(s).
910,2015-10-18,"18:05:57,024",WARN,DataStreamer for file /tmp/hadoop-yarn/staging/msrabi/.staging/job_1445144423722_0020/job_1445144423722_0020_1.jhist block BP-1347369012-10.190.173.170-1444972147527:blk_1073743512_2731,org.apache.hadoop.hdfs.DFSClient,"Error Recovery for block BP-1347369012-10.190.173.170-1444972147527:blk_1073743512_2731 in pipeline 10.86.169.121:50010, 10.190.173.170:50010: bad datanode 10.190.173.170:50010",E39,"Error Recovery for block BP-<*>:blk_<*> in pipeline <*>:<*>, <*>:<*>: bad datanode <*>:<*>"
910,2015-10-18,"18:05:57,024",WARN,DataStreamer for file /tmp/hadoop-yarn/staging/msrabi/.staging/job_1445144423722_0020/job_1445144423722_0020_1.jhist block BP-1347369012-10.190.173.170-1444972147527:blk_1073743512_2731,org.apache.hadoop.hdfs.DFSClient,"Error Recovery for block BP-1347369012-10.190.173.170-1444972147527:blk_1073743512_2731 in pipeline 10.86.169.121:50010, 10.190.173.170:50010: bad datanode 10.190.173.170:50010",E39,"Error Recovery for block BP-<*>:blk_<*> in pipeline <*>:<*>, <*>:<*>: bad datanode <*>:<*>"
910,2015-10-18,"18:05:57,024",WARN,DataStreamer for file /tmp/hadoop-yarn/staging/msrabi/.staging/job_1445144423722_0020/job_1445144423722_0020_1.jhist block BP-1347369012-10.190.173.170-1444972147527:blk_1073743512_2731,org.apache.hadoop.hdfs.DFSClient,"Error Recovery for block BP-1347369012-10.190.173.170-1444972147527:blk_1073743512_2731 in pipeline 10.86.169.121:50010, 10.190.173.170:50010: bad datanode 10.190.173.170:50010",E39,"Error Recovery for block BP-<*>:blk_<*> in pipeline <*>:<*>, <*>:<*>: bad datanode <*>:<*>"
59,2015-10-18,"18:01:53,713",INFO,main,org.apache.hadoop.mapreduce.v2.app.launcher.ContainerLauncherImpl,Upper limit on the thread pool size is 500,E109,Upper limit on the thread pool size is <*>
59,2015-10-18,"18:01:53,713",INFO,main,org.apache.hadoop.mapreduce.v2.app.launcher.ContainerLauncherImpl,Upper limit on the thread pool size is 500,E109,Upper limit on the thread pool size is <*>
59,2015-10-18,"18:01:53,713",INFO,main,org.apache.hadoop.mapreduce.v2.app.launcher.ContainerLauncherImpl,Upper limit on the thread pool size is 500,E109,Upper limit on the thread pool size is <*>
24,2015-10-18,"18:01:51,619",INFO,main,org.apache.hadoop.mapreduce.v2.app.job.impl.JobImpl,Not uberizing job_1445144423722_0020 because: not enabled; too many maps; too much input;,E71,Not uberizing job_<*> because: not enabled; too many maps; too much input;
24,2015-10-18,"18:01:51,619",INFO,main,org.apache.hadoop.mapreduce.v2.app.job.impl.JobImpl,Not uberizing job_1445144423722_0020 because: not enabled; too many maps; too much input;,E71,Not uberizing job_<*> because: not enabled; too many maps; too much input;
592,2015-10-18,"18:04:04,877",INFO,RMCommunicator Allocator,org.apache.hadoop.mapreduce.v2.app.rm.RMContainerAllocator,Got allocated containers 1,E46,Got allocated containers <*>
158,2015-10-18,"18:02:00,963",INFO,RMCommunicator Allocator,org.apache.hadoop.mapreduce.v2.app.rm.RMContainerAllocator,Got allocated containers 1,E46,Got allocated containers <*>
543,2015-10-18,"18:03:56,455",INFO,RMCommunicator Allocator,org.apache.hadoop.mapreduce.v2.app.rm.RMContainerAllocator,Got allocated containers 1,E46,Got allocated containers <*>
561,2015-10-18,"18:03:57,564",INFO,IPC Server handler 20 on 62270,org.apache.hadoop.mapred.TaskAttemptListenerImpl,JVM with ID : jvm_1445144423722_0020_m_000007 asked for a task,E58,JVM with ID : jvm_<*> asked for a task
44,2015-10-18,"18:01:52,088",INFO,main,org.mortbay.log,Extract jar:file:/D:/hadoop-2.6.0-localbox/share/hadoop/yarn/hadoop-yarn-common-2.6.0-SNAPSHOT.jar!/webapps/mapreduce to C:\Users\msrabi\AppData\Local\Temp\Jetty_0_0_0_0_62267_mapreduce____.8n7xum\webapp,E43,Extract jar:file:<*> to <*>
44,2015-10-18,"18:01:52,088",INFO,main,org.mortbay.log,Extract jar:file:/D:/hadoop-2.6.0-localbox/share/hadoop/yarn/hadoop-yarn-common-2.6.0-SNAPSHOT.jar!/webapps/mapreduce to C:\Users\msrabi\AppData\Local\Temp\Jetty_0_0_0_0_62267_mapreduce____.8n7xum\webapp,E43,Extract jar:file:<*> to <*>
44,2015-10-18,"18:01:52,088",INFO,main,org.mortbay.log,Extract jar:file:/D:/hadoop-2.6.0-localbox/share/hadoop/yarn/hadoop-yarn-common-2.6.0-SNAPSHOT.jar!/webapps/mapreduce to C:\Users\msrabi\AppData\Local\Temp\Jetty_0_0_0_0_62267_mapreduce____.8n7xum\webapp,E43,Extract jar:file:<*> to <*>
1020,2015-10-18,"18:06:26,029",FATAL,IPC Server handler 13 on 62270,org.apache.hadoop.mapred.TaskAttemptListenerImpl,Task: attempt_1445144423722_0020_m_000002_0 - exited : java.net.NoRouteToHostException: No Route to Host from  MININT-FNANLI5/127.0.0.1 to msra-sa-41:9000 failed on socket timeout exception: java.net.NoRouteToHostException: No route to host: no further information; For more details see:  http://wiki.apache.org/hadoop/NoRouteToHost,E101,Task: attempt_<*> - exited : java.net.NoRouteToHostException: No Route to Host from  MININT-<*>/<*> to <*>:<*> failed on socket timeout exception: java.net.NoRouteToHostException: No route to host: no further information; For more details see:  http://wiki.apache.org/hadoop/NoRouteToHost
1020,2015-10-18,"18:06:26,029",FATAL,IPC Server handler 13 on 62270,org.apache.hadoop.mapred.TaskAttemptListenerImpl,Task: attempt_1445144423722_0020_m_000002_0 - exited : java.net.NoRouteToHostException: No Route to Host from  MININT-FNANLI5/127.0.0.1 to msra-sa-41:9000 failed on socket timeout exception: java.net.NoRouteToHostException: No route to host: no further information; For more details see:  http://wiki.apache.org/hadoop/NoRouteToHost,E101,Task: attempt_<*> - exited : java.net.NoRouteToHostException: No Route to Host from  MININT-<*>/<*> to <*>:<*> failed on socket timeout exception: java.net.NoRouteToHostException: No route to host: no further information; For more details see:  http://wiki.apache.org/hadoop/NoRouteToHost
1020,2015-10-18,"18:06:26,029",FATAL,IPC Server handler 13 on 62270,org.apache.hadoop.mapred.TaskAttemptListenerImpl,Task: attempt_1445144423722_0020_m_000002_0 - exited : java.net.NoRouteToHostException: No Route to Host from  MININT-FNANLI5/127.0.0.1 to msra-sa-41:9000 failed on socket timeout exception: java.net.NoRouteToHostException: No route to host: no further information; For more details see:  http://wiki.apache.org/hadoop/NoRouteToHost,E101,Task: attempt_<*> - exited : java.net.NoRouteToHostException: No Route to Host from  MININT-<*>/<*> to <*>:<*> failed on socket timeout exception: java.net.NoRouteToHostException: No route to host: no further information; For more details see:  http://wiki.apache.org/hadoop/NoRouteToHost
1020,2015-10-18,"18:06:26,029",FATAL,IPC Server handler 13 on 62270,org.apache.hadoop.mapred.TaskAttemptListenerImpl,Task: attempt_1445144423722_0020_m_000002_0 - exited : java.net.NoRouteToHostException: No Route to Host from  MININT-FNANLI5/127.0.0.1 to msra-sa-41:9000 failed on socket timeout exception: java.net.NoRouteToHostException: No route to host: no further information; For more details see:  http://wiki.apache.org/hadoop/NoRouteToHost,E101,Task: attempt_<*> - exited : java.net.NoRouteToHostException: No Route to Host from  MININT-<*>/<*> to <*>:<*> failed on socket timeout exception: java.net.NoRouteToHostException: No route to host: no further information; For more details see:  http://wiki.apache.org/hadoop/NoRouteToHost
1020,2015-10-18,"18:06:26,029",FATAL,IPC Server handler 13 on 62270,org.apache.hadoop.mapred.TaskAttemptListenerImpl,Task: attempt_1445144423722_0020_m_000002_0 - exited : java.net.NoRouteToHostException: No Route to Host from  MININT-FNANLI5/127.0.0.1 to msra-sa-41:9000 failed on socket timeout exception: java.net.NoRouteToHostException: No route to host: no further information; For more details see:  http://wiki.apache.org/hadoop/NoRouteToHost,E101,Task: attempt_<*> - exited : java.net.NoRouteToHostException: No Route to Host from  MININT-<*>/<*> to <*>:<*> failed on socket timeout exception: java.net.NoRouteToHostException: No route to host: no further information; For more details see:  http://wiki.apache.org/hadoop/NoRouteToHost
1053,2015-10-18,"18:06:28,217",FATAL,IPC Server handler 4 on 62270,org.apache.hadoop.mapred.TaskAttemptListenerImpl,Task: attempt_1445144423722_0020_m_000001_0 - exited : java.net.NoRouteToHostException: No Route to Host from  MININT-FNANLI5/127.0.0.1 to msra-sa-41:9000 failed on socket timeout exception: java.net.NoRouteToHostException: No route to host: no further information; For more details see:  http://wiki.apache.org/hadoop/NoRouteToHost,E101,Task: attempt_<*> - exited : java.net.NoRouteToHostException: No Route to Host from  MININT-<*>/<*> to <*>:<*> failed on socket timeout exception: java.net.NoRouteToHostException: No route to host: no further information; For more details see:  http://wiki.apache.org/hadoop/NoRouteToHost
1053,2015-10-18,"18:06:28,217",FATAL,IPC Server handler 4 on 62270,org.apache.hadoop.mapred.TaskAttemptListenerImpl,Task: attempt_1445144423722_0020_m_000001_0 - exited : java.net.NoRouteToHostException: No Route to Host from  MININT-FNANLI5/127.0.0.1 to msra-sa-41:9000 failed on socket timeout exception: java.net.NoRouteToHostException: No route to host: no further information; For more details see:  http://wiki.apache.org/hadoop/NoRouteToHost,E101,Task: attempt_<*> - exited : java.net.NoRouteToHostException: No Route to Host from  MININT-<*>/<*> to <*>:<*> failed on socket timeout exception: java.net.NoRouteToHostException: No route to host: no further information; For more details see:  http://wiki.apache.org/hadoop/NoRouteToHost
58,2015-10-18,"18:01:53,713",INFO,main,org.apache.hadoop.mapreduce.v2.app.rm.RMContainerAllocator,queue: default,E82,queue: default
58,2015-10-18,"18:01:53,713",INFO,main,org.apache.hadoop.mapreduce.v2.app.rm.RMContainerAllocator,queue: default,E82,queue: default
58,2015-10-18,"18:01:53,713",INFO,main,org.apache.hadoop.mapreduce.v2.app.rm.RMContainerAllocator,queue: default,E82,queue: default
58,2015-10-18,"18:01:53,713",INFO,main,org.apache.hadoop.mapreduce.v2.app.rm.RMContainerAllocator,queue: default,E82,queue: default
828,2015-10-18,"18:04:52,552",INFO,AsyncDispatcher event handler,org.apache.hadoop.mapreduce.v2.app.job.impl.TaskAttemptImpl,Diagnostics report from attempt_1445144423722_0020_m_000003_0: Container killed by the ApplicationMaster.,E34,Diagnostics report from attempt_<*>: Container killed by the ApplicationMaster.
828,2015-10-18,"18:04:52,552",INFO,AsyncDispatcher event handler,org.apache.hadoop.mapreduce.v2.app.job.impl.TaskAttemptImpl,Diagnostics report from attempt_1445144423722_0020_m_000003_0: Container killed by the ApplicationMaster.,E34,Diagnostics report from attempt_<*>: Container killed by the ApplicationMaster.
828,2015-10-18,"18:04:52,552",INFO,AsyncDispatcher event handler,org.apache.hadoop.mapreduce.v2.app.job.impl.TaskAttemptImpl,Diagnostics report from attempt_1445144423722_0020_m_000003_0: Container killed by the ApplicationMaster.,E34,Diagnostics report from attempt_<*>: Container killed by the ApplicationMaster.
124,2015-10-18,"18:01:57,119",INFO,AsyncDispatcher event handler,org.apache.hadoop.mapreduce.v2.app.job.impl.TaskAttemptImpl,Adding #0 tokens and #1 secret keys for NM use for launching container,E6,Adding #<*> tokens and #<*> secret keys for NM use for launching container
124,2015-10-18,"18:01:57,119",INFO,AsyncDispatcher event handler,org.apache.hadoop.mapreduce.v2.app.job.impl.TaskAttemptImpl,Adding #0 tokens and #1 secret keys for NM use for launching container,E6,Adding #<*> tokens and #<*> secret keys for NM use for launching container
124,2015-10-18,"18:01:57,119",INFO,AsyncDispatcher event handler,org.apache.hadoop.mapreduce.v2.app.job.impl.TaskAttemptImpl,Adding #0 tokens and #1 secret keys for NM use for launching container,E6,Adding #<*> tokens and #<*> secret keys for NM use for launching container
1895,2015-10-18,"18:10:25,044",WARN,LeaseRenewer:msrabi@msra-sa-41:9000,org.apache.hadoop.ipc.Client,Address change detected. Old: msra-sa-41/10.190.173.170:9000 New: msra-sa-41:9000,E10,Address change detected. Old: <*>/<*>:<*> New: <*>:<*>
88,2015-10-18,"18:01:53,885",INFO,AsyncDispatcher event handler,org.apache.hadoop.yarn.util.RackResolver,Resolved MSRA-SA-39.fareast.corp.microsoft.com to /default-rack,E90,Resolved <*> to /default-rack
16,2015-10-18,"18:01:50,666",INFO,main,org.apache.hadoop.mapreduce.v2.jobhistory.JobHistoryUtils,Default file system [hdfs://msra-sa-41:9000],E31,Default file system [hdfs://<*>:<*>]
16,2015-10-18,"18:01:50,666",INFO,main,org.apache.hadoop.mapreduce.v2.jobhistory.JobHistoryUtils,Default file system [hdfs://msra-sa-41:9000],E31,Default file system [hdfs://<*>:<*>]
15,2015-10-18,"18:01:50,634",INFO,main,org.apache.hadoop.mapreduce.v2.jobhistory.JobHistoryUtils,Default file system [hdfs://msra-sa-41:9000],E31,Default file system [hdfs://<*>:<*>]
17,2015-10-18,"18:01:50,713",INFO,main,org.apache.hadoop.mapreduce.v2.jobhistory.JobHistoryUtils,Default file system [hdfs://msra-sa-41:9000],E31,Default file system [hdfs://<*>:<*>]
16,2015-10-18,"18:01:50,666",INFO,main,org.apache.hadoop.mapreduce.v2.jobhistory.JobHistoryUtils,Default file system [hdfs://msra-sa-41:9000],E31,Default file system [hdfs://<*>:<*>]
15,2015-10-18,"18:01:50,634",INFO,main,org.apache.hadoop.mapreduce.v2.jobhistory.JobHistoryUtils,Default file system [hdfs://msra-sa-41:9000],E31,Default file system [hdfs://<*>:<*>]
17,2015-10-18,"18:01:50,713",INFO,main,org.apache.hadoop.mapreduce.v2.jobhistory.JobHistoryUtils,Default file system [hdfs://msra-sa-41:9000],E31,Default file system [hdfs://<*>:<*>]
17,2015-10-18,"18:01:50,713",INFO,main,org.apache.hadoop.mapreduce.v2.jobhistory.JobHistoryUtils,Default file system [hdfs://msra-sa-41:9000],E31,Default file system [hdfs://<*>:<*>]
123,2015-10-18,"18:01:57,119",INFO,AsyncDispatcher event handler,org.apache.hadoop.mapreduce.v2.app.job.impl.TaskAttemptImpl,The job-conf file on the remote FS is /tmp/hadoop-yarn/staging/msrabi/.staging/job_1445144423722_0020/job.xml,E106,The job-conf file on the remote FS is <*>
123,2015-10-18,"18:01:57,119",INFO,AsyncDispatcher event handler,org.apache.hadoop.mapreduce.v2.app.job.impl.TaskAttemptImpl,The job-conf file on the remote FS is /tmp/hadoop-yarn/staging/msrabi/.staging/job_1445144423722_0020/job.xml,E106,The job-conf file on the remote FS is <*>
123,2015-10-18,"18:01:57,119",INFO,AsyncDispatcher event handler,org.apache.hadoop.mapreduce.v2.app.job.impl.TaskAttemptImpl,The job-conf file on the remote FS is /tmp/hadoop-yarn/staging/msrabi/.staging/job_1445144423722_0020/job.xml,E106,The job-conf file on the remote FS is <*>
123,2015-10-18,"18:01:57,119",INFO,AsyncDispatcher event handler,org.apache.hadoop.mapreduce.v2.app.job.impl.TaskAttemptImpl,The job-conf file on the remote FS is /tmp/hadoop-yarn/staging/msrabi/.staging/job_1445144423722_0020/job.xml,E106,The job-conf file on the remote FS is <*>
642,2015-10-18,"18:04:08,987",INFO,RMCommunicator Allocator,org.apache.hadoop.mapreduce.v2.app.rm.RMContainerAllocator,Assigned container container_1445144423722_0020_01_000011 to attempt_1445144423722_0020_m_000009_0,E13,Assigned container container_<*> to attempt_<*>
117,2015-10-18,"18:01:56,916",INFO,RMCommunicator Allocator,org.apache.hadoop.mapreduce.v2.app.rm.RMContainerAllocator,Assigned container container_1445144423722_0020_01_000002 to attempt_1445144423722_0020_m_000000_0,E13,Assigned container container_<*> to attempt_<*>
514,2015-10-18,"18:03:55,408",INFO,RMCommunicator Allocator,org.apache.hadoop.mapreduce.v2.app.rm.RMContainerAllocator,Assigned container container_1445144423722_0020_01_000006 to attempt_1445144423722_0020_m_000004_0,E13,Assigned container container_<*> to attempt_<*>
81,2015-10-18,"18:01:53,869",INFO,AsyncDispatcher event handler,org.apache.hadoop.mapreduce.v2.app.job.impl.TaskImpl,task_1445144423722_0020_m_000005 Task Transitioned from NEW to SCHEDULED,E102,task_<*> Task Transitioned from NEW to SCHEDULED
46,2015-10-18,"18:01:52,728",INFO,main,org.apache.hadoop.yarn.webapp.WebApps,Web app /mapreduce started at 62267,E113,Web app /mapreduce started at <*>
46,2015-10-18,"18:01:52,728",INFO,main,org.apache.hadoop.yarn.webapp.WebApps,Web app /mapreduce started at 62267,E113,Web app /mapreduce started at <*>
46,2015-10-18,"18:01:52,728",INFO,main,org.apache.hadoop.yarn.webapp.WebApps,Web app /mapreduce started at 62267,E113,Web app /mapreduce started at <*>
8,2015-10-18,"18:01:50,556",INFO,main,org.apache.hadoop.yarn.event.AsyncDispatcher,Registering class org.apache.hadoop.mapreduce.v2.app.job.event.JobEventType for class org.apache.hadoop.mapreduce.v2.app.MRAppMaster$JobEventDispatcher,E89,Registering class org.apache.hadoop.mapreduce.<*> for class org.apache.hadoop.mapreduce.<*>
12,2015-10-18,"18:01:50,572",INFO,main,org.apache.hadoop.yarn.event.AsyncDispatcher,Registering class org.apache.hadoop.mapreduce.v2.app.speculate.Speculator$EventType for class org.apache.hadoop.mapreduce.v2.app.MRAppMaster$SpeculatorEventDispatcher,E89,Registering class org.apache.hadoop.mapreduce.<*> for class org.apache.hadoop.mapreduce.<*>
8,2015-10-18,"18:01:50,556",INFO,main,org.apache.hadoop.yarn.event.AsyncDispatcher,Registering class org.apache.hadoop.mapreduce.v2.app.job.event.JobEventType for class org.apache.hadoop.mapreduce.v2.app.MRAppMaster$JobEventDispatcher,E89,Registering class org.apache.hadoop.mapreduce.<*> for class org.apache.hadoop.mapreduce.<*>
11,2015-10-18,"18:01:50,572",INFO,main,org.apache.hadoop.yarn.event.AsyncDispatcher,Registering class org.apache.hadoop.mapreduce.v2.app.commit.CommitterEventType for class org.apache.hadoop.mapreduce.v2.app.commit.CommitterEventHandler,E89,Registering class org.apache.hadoop.mapreduce.<*> for class org.apache.hadoop.mapreduce.<*>
40,2015-10-18,"18:01:51,947",INFO,main,org.apache.hadoop.http.HttpServer2,adding path spec: /mapreduce/*,E8,adding path spec: /<*>/*
40,2015-10-18,"18:01:51,947",INFO,main,org.apache.hadoop.http.HttpServer2,adding path spec: /mapreduce/*,E8,adding path spec: /<*>/*
40,2015-10-18,"18:01:51,947",INFO,main,org.apache.hadoop.http.HttpServer2,adding path spec: /mapreduce/*,E8,adding path spec: /<*>/*
