LineId,Month,Date,Time,User,Component,PID,Address,Content,EventId,EventTemplate
1277,Jul,5,16:18:06,calvisitor-10-105-162-107,GoogleSoftwareUpdateAgent,36128,,"2017-07-05 16:18:06.450 GoogleSoftwareUpdateAgent[36128/0x7000002a0000] [lvl=2] -[KSOutOfProcessFetcher beginFetchWithDelegate:] KSOutOfProcessFetcher fetching from URL: ""https://tools.google.com/service/update2?cup2hreq=ac844e04cbb398fcef4cf81b4ffc44a3ebc863e89d19c0b5d39d02d78d26675b&cup2key=7:677488741""",E83,"<*>-<*>-<*> <*>:<*>:<*>.<*> GoogleSoftwareUpdateAgent[<*>/<*>] [lvl=<*>] -[KSOutOfProcessFetcher beginFetchWithDelegate:] KSOutOfProcessFetcher fetching from URL: ""<*>"""
1981,Jul,8,06:22:47,calvisitor-10-105-162-124,WeChat,24144,,"Unable to simultaneously satisfy constraints: ( ""<NSAutoresizingMaskLayoutConstraint:0x7f9d574e5370 h=-&- v=-&- V:[NSScrollView:0x7f9d64abe480]-(11)-|   (Names: '|':NSView:0x7f9d6a9cc340 )>"", ""<NSAutoresizingMaskLayoutConstraint:0x7f9d7561a270 h=-&- v=-&- V:|-(45)-[NSScrollView:0x7f9d64abe480]   (Names: '|':NSView:0x7f9d6a9cc340 )>"", ""<NSAutoresizingMaskLayoutConstraint:0x7f9d6aa2cf10 h=-&- v=--& V:[NSView:0x7f9d53160e30(0)]>"", ""<NSAutoresizingMaskLayoutConstraint:0x7f9d75652870 h=-&- v=-&- V:|-(0)-[NSView:0x7f9d6a9cc340]   (Names: '|':NSView:0x7f9d53160e30 )>"", ""<NSAutoresizingMaskLayoutConstraint:0x7f9d77ef8f50 h=-&- v=-&- V:[NSView:0x7f9d6a9cc340]-(0)-|   (Names: '|':NSView:0x7f9d53160e30 )>"" )  Will attempt to recover by breaking constraint <NSAutoresizingMaskLayoutConstraint:0x7f9d7561a270 h=-&- v=-&- V:|-(45)-[NSScrollView:0x7f9d64abe480]   (Names: '|':NSView:0x7f9d6a9cc340 )>  Set the NSUserDefault NSConstraintBasedLayoutVisualizeMutuallyExclusiveConstraints to YES to have -[NSWindow visualizeConstraints:] automatically called when this happens.  And/or, break on objc_exception_throw to catch this in the debugger.",E324,"Unable to simultaneously satisfy constraints: ( ""<NSAutoresizingMaskLayoutConstraint:<*> h=-&- v=-&- V:[NSScrollView:<*>]-(<*>)-|   (Names: '|':NSView:<*> )>"", ""<NSAutoresizingMaskLayoutConstraint:<*> h=-&- v=-&- V:|-(<*>)-[NSScrollView:<*>]   (Names: '|':NSView:<*> )>"", ""<NSAutoresizingMaskLayoutConstraint:<*> h=-&- v=--& V:[NSView:<*>(<*>)]>"", ""<NSAutoresizingMaskLayoutConstraint:<*> h=-&- v=-&- V:|-(<*>)-[NSView:<*>]   (Names: '|':NSView:<*> )>"", ""<NSAutoresizingMaskLayoutConstraint:<*> h=-&- v=-&- V:[NSView:<*>]-(<*>)-|   (Names: '|':NSView:<*> )>"" )  Will attempt to recover by breaking constraint <NSAutoresizingMaskLayoutConstraint:<*> h=-&- v=-&- V:|-(<*>)-[NSScrollView:<*>]   (Names: '|':NSView:<*> )>  Set the NSUserDefault NSConstraintBasedLayoutVisualizeMutuallyExclusiveConstraints to YES to have -[NSWindow visualizeConstraints:] automatically called when this happens.  And/or, break on objc_exception_throw to catch this in the debugger."
1344,Jul,5,23:09:36,calvisitor-10-105-160-22,kernel,0,,**** [BroadcomBluetoothHostController][SetupController] -- Delay HCI Reset by 300ms  ****,E4,**** [BroadcomBluetoothHostController][SetupController] -- Delay HCI Reset by <*>  ****
1344,Jul,5,23:09:36,calvisitor-10-105-160-22,kernel,0,,**** [BroadcomBluetoothHostController][SetupController] -- Delay HCI Reset by 300ms  ****,E4,**** [BroadcomBluetoothHostController][SetupController] -- Delay HCI Reset by <*>  ****
1236,Jul,5,14:04:19,authorMacBook-Pro,kernel,0,,ARPT: 724786.252727: AQM agg results 0x8001 len hi/lo: 0x0 0x26 BAbitmap(0-3) 0 0 0 0,E130,ARPT: <*>.<*>: AQM agg results <*> len hi/lo: <*> <*> BAbitmap(<*>-<*>) <*>
339,Jul,2,22:24:03,authorMacBook-Pro,kernel,0,,ARPT: 669592.164786: AQM agg params 0xfc0 maxlen hi/lo 0x0 0xffff minlen 0x0 adjlen 0x0,E129,ARPT: <*>.<*>: AQM agg params <*> maxlen hi/lo <*> <*> minlen <*> adjlen <*>
92,Jul,1,11:20:51,calvisitor-10-105-160-95,sharingd,30299,,11:20:51.293 : BTLE discovered device with hash <01faa200 00000000 0000>,E62,<*>:<*>:<*>.<*> : BTLE discovered device with hash <<*> <*> <*>>
1040,Jul,4,22:29:25,calvisitor-10-105-162-105,kernel,0,,AppleCamIn::systemWakeCall - messageType = 0xE0000340,E120,AppleCamIn::systemWakeCall - messageType = <*>
1474,Jul,6,14:16:06,calvisitor-10-105-162-178,sharingd,30299,,14:16:06.179 : Scanning mode Contacts Only,E70,<*>:<*>:<*>.<*> : Scanning mode Contacts Only
989,Jul,4,18:35:05,calvisitor-10-105-162-105,sharingd,30299,,18:35:05.187 : Scanning mode Contacts Only,E70,<*>:<*>:<*>.<*> : Scanning mode Contacts Only
976,Jul,4,17:26:44,calvisitor-10-105-162-105,sharingd,30299,,17:26:44.228 : Scanning mode Contacts Only,E70,<*>:<*>:<*>.<*> : Scanning mode Contacts Only
946,Jul,4,13:56:31,calvisitor-10-105-162-105,com.apple.AddressBook.ContactsAccountsService,289,,"[Accounts] Current connection, <NSXPCConnection: 0x7fda74805bf0> connection from pid 487, doesn't have account access.",E21,"[Accounts] Current connection, <NSXPCConnection: <*>> connection from pid <*>, doesn't have account access."
1245,Jul,5,14:04:33,authorMacBook-Pro,corecaptured,36034,,Received Capture Event,E294,Received Capture Event
669,Jul,3,19:04:58,authorMacBook-Pro,corecaptured,33660,,Received Capture Event,E294,Received Capture Event
223,Jul,2,02:32:17,calvisitor-10-105-163-202,kernel,0,,[IOBluetoothFamily][staticBluetoothTransportShowsUp] -- Received Bluetooth Controller register service notification -- 0x7000,E38,[IOBluetoothFamily][staticBluetoothTransportShowsUp] -- Received Bluetooth Controller register service notification -- <*>
1315,Jul,5,18:20:06,authorMacBook-Pro,networkd,195,,-[NETClientConnection evaluateCrazyIvan46] CI46 - Perform CrazyIvan46! QQ.10018 tc23407 119.81.102.227:80,E43,-[NETClientConnection evaluateCrazyIvan46] CI46 - Perform CrazyIvan46! <*>.<*> <*> <*>:<*>
469,Jul,3,11:39:18,authorMacBook-Pro,com.apple.WebKit.WebContent,32778,,[11:39:18.356] <<<< IQ-CA >>>> piqca_setUsePreQueue: (0x7fce15069400) rejecting report of layer being serviced - IQ has not yet begun to update,E16,[<*>:<*>:<*>.<*>] <<<< IQ-CA >>>> piqca_setUsePreQueue: (<*>) rejecting report of layer being serviced - IQ has not yet begun to update
469,Jul,3,11:39:18,authorMacBook-Pro,com.apple.WebKit.WebContent,32778,,[11:39:18.356] <<<< IQ-CA >>>> piqca_setUsePreQueue: (0x7fce15069400) rejecting report of layer being serviced - IQ has not yet begun to update,E16,[<*>:<*>:<*>.<*>] <<<< IQ-CA >>>> piqca_setUsePreQueue: (<*>) rejecting report of layer being serviced - IQ has not yet begun to update
1143,Jul,5,00:17:32,calvisitor-10-105-162-105,com.apple.WebKit.WebContent,35435,,"<<<< FigByteStream >>>> FigByteStreamStatsLogOneRead: ByteStream read of 21335 bytes @ 5481561 took 0.501237 sec. to complete, 16 reads >= 0.5 sec.",E99,"<<<< FigByteStream >>>> FigByteStreamStatsLogOneRead: ByteStream read of <*> bytes @ <*> took <*>.<*> <*> to complete, <*> reads >= <*> sec."
1199,Jul,5,10:52:16,calvisitor-10-105-160-179,ksfetch,35863,,2017-07-05 10:52:16.779 ksfetch[35863/0x7fff79824000] [lvl=2] main() Fetcher received a request: <NSMutableURLRequest: 0x100501610> { URL: https://tools.google.com/service/update2?cup2hreq=a7873a51b1cb55518e420d20dff47d463781ed3f7aa83c3153129eefb148070b&cup2key=7:2501762722 },E94,<*>-<*>-<*> <*>:<*>:<*>.<*> ksfetch[<*>/<*>] [lvl=<*>] main() Fetcher received a request: <NSMutableURLRequest: <*>> { URL: <*> }
951,Jul,4,14:34:52,calvisitor-10-105-162-105,com.apple.SecurityServer,80,,Session 101921 created,E308,Session <*> created
951,Jul,4,14:34:52,calvisitor-10-105-162-105,com.apple.SecurityServer,80,,Session 101921 created,E308,Session <*> created
1377,Jul,6,03:53:08,calvisitor-10-105-160-37,kernel,0,,hibernate_page_list_setall(preflight 1) start,E235,hibernate_page_list_setall(preflight <*>) start
1377,Jul,6,03:53:08,calvisitor-10-105-160-37,kernel,0,,hibernate_page_list_setall(preflight 1) start,E235,hibernate_page_list_setall(preflight <*>) start
680,Jul,3,20:07:56,calvisitor-10-105-161-225,mdworker,33804,,(ImportBailout.Error:1331) Asked to exit for Diskarb,E3,(ImportBailout.Error:<*>) Asked to exit for Diskarb
680,Jul,3,20:07:56,calvisitor-10-105-161-225,mdworker,33804,,(ImportBailout.Error:1331) Asked to exit for Diskarb,E3,(ImportBailout.Error:<*>) Asked to exit for Diskarb
680,Jul,3,20:07:56,calvisitor-10-105-161-225,mdworker,33804,,(ImportBailout.Error:1331) Asked to exit for Diskarb,E3,(ImportBailout.Error:<*>) Asked to exit for Diskarb
108,Jul,1,11:44:25,authorMacBook-Pro,kernel,0,,en0::IO80211Interface::postMessage bssid changed,E56,<*>::<*>::postMessage bssid changed
1986,Jul,8,06:46:42,calvisitor-10-105-162-124,WeChat,24144,,"Arranged view frame: {{0, 0}, {260, 877}}",E152,"Arranged view frame: {{<*>, <*>}, {<*>, <*>}}"
179,Jul,1,19:43:22,calvisitor-10-105-160-95,VDCAssistant,213,,"VDCAssistant:  Found a camera (0x1430000005ac8290) , but was not able to start it up (0x0 -- (os/kern) successful)",E332,"VDCAssistant:  Found a camera (<*>) , but was not able to start it up (<*> -- (os/kern) successful)"
179,Jul,1,19:43:22,calvisitor-10-105-160-95,VDCAssistant,213,,"VDCAssistant:  Found a camera (0x1430000005ac8290) , but was not able to start it up (0x0 -- (os/kern) successful)",E332,"VDCAssistant:  Found a camera (<*>) , but was not able to start it up (<*> -- (os/kern) successful)"
1153,Jul,5,00:28:42,authorMacBook-Pro,com.apple.WebKit.WebContent,35671,,[00:28:42.167] (Fig) signalled err=-12871,E11,[<*>:<*>:<*>.<*>] (Fig) signalled err=<*>
1153,Jul,5,00:28:42,authorMacBook-Pro,com.apple.WebKit.WebContent,35671,,[00:28:42.167] (Fig) signalled err=-12871,E11,[<*>:<*>:<*>.<*>] (Fig) signalled err=<*>
1153,Jul,5,00:28:42,authorMacBook-Pro,com.apple.WebKit.WebContent,35671,,[00:28:42.167] (Fig) signalled err=-12871,E11,[<*>:<*>:<*>.<*>] (Fig) signalled err=<*>
1881,Jul,7,21:01:22,calvisitor-10-105-160-85,quicklookd,38603,,Error returned from iconservicesagent: (null),E214,Error returned from iconservicesagent: (null)
1674,Jul,7,07:59:31,calvisitor-10-105-162-178,sandboxd,129,[10018],QQ(10018) deny mach-lookup com.apple.networking.captivenetworksupport,E51,<*>(<*>) deny mach-lookup com.apple.networking.captivenetworksupport
1447,Jul,6,12:03:12,authorMacBook-Pro,corecaptured,36918,,"CCFile::captureLog Received Capture notice id: 1499367792.155080, reason = AuthFail:sts:5_rsn:0",E171,"CCFile::captureLog Received Capture notice id: <*>, reason = AuthFail:sts:<NUM>_rsn:<NUM>"
1759,Jul,7,13:40:36,authorMacBook-Pro,corecaptured,38124,,"CCFile::captureLog Received Capture notice id: 1499460036.519390, reason = AuthFail:sts:5_rsn:0",E171,"CCFile::captureLog Received Capture notice id: <*>, reason = AuthFail:sts:<NUM>_rsn:<NUM>"
1232,Jul,5,14:04:12,authorMacBook-Pro,corecaptured,36034,,"CCFile::captureLog Received Capture notice id: 1499288652.126295, reason = AuthFail:sts:5_rsn:0",E171,"CCFile::captureLog Received Capture notice id: <*>, reason = AuthFail:sts:<NUM>_rsn:<NUM>"
1898,Jul,7,21:58:14,calvisitor-10-105-160-85,kernel,0,,"IOPMrootDomain: idle cancel, state 1",E250,"IOPMrootDomain: idle cancel, state <*>"
1898,Jul,7,21:58:14,calvisitor-10-105-160-85,kernel,0,,"IOPMrootDomain: idle cancel, state 1",E250,"IOPMrootDomain: idle cancel, state <*>"
187,Jul,1,20:13:23,calvisitor-10-105-163-202,Safari,9852,,tcp_connection_tls_session_error_callback_imp 1977 __tcp_connection_tls_session_callback_write_block_invoke.434 error 22,E319,tcp_connection_tls_session_error_callback_imp <*> __tcp_connection_tls_session_callback_write_block_invoke.<*> error <*>
1890,Jul,7,21:29:30,calvisitor-10-105-160-85,Safari,9852,,tcp_connection_tls_session_error_callback_imp 2515 __tcp_connection_tls_session_callback_write_block_invoke.434 error 22,E319,tcp_connection_tls_session_error_callback_imp <*> __tcp_connection_tls_session_callback_write_block_invoke.<*> error <*>
174,Jul,1,14:52:03,calvisitor-10-105-160-95,blued,85,,[BluetoothHIDDeviceController] EventServiceDisconnectedCallback,E24,[BluetoothHIDDeviceController] EventServiceDisconnectedCallback
1135,Jul,4,23:50:59,calvisitor-10-105-162-105,QuickLookSatellite,35448,,objc[35448]: Class TSUCustomFormatData is implemented in both /Library/QuickLook/iWork.qlgenerator/Contents/MacOS/iWork and /System/Library/PrivateFrameworks/OfficeImport.framework/Versions/A/OfficeImport. One of the two will be used. Which one is undefined.,E279,objc[<*>]: Class TSUCustomFormatData is implemented in both /Library/QuickLook/iWork.qlgenerator/Contents/MacOS/iWork and /System/Library/PrivateFrameworks/OfficeImport.framework/Versions/A/OfficeImport. One of the two will be used. Which one is undefined.
1185,Jul,5,10:31:18,calvisitor-10-105-163-10,kernel,0,,"hibernate_machine_init pagesDone 451550 sum2 4886d9d9, time: 197 ms, disk(0x20000) 799 Mb/s, comp bytes: 40017920 time: 27 ms 1412 Mb/s, crypt bytes: 160550912 time: 39 ms 3904 Mb/s",E229,"hibernate_machine_init pagesDone <*> sum2 <*>, time: <*> ms, disk(<*>) <*> Mb/s, comp bytes: <*> time: <*> ms <*> Mb/s, crypt bytes: <*> time: <*> ms <*> Mb/s"
1369,Jul,6,02:32:10,authorMacBook-Pro,Dock,307,,-[UABestAppSuggestionManager notifyBestAppChanged:type:options:bundleIdentifier:activityType:dynamicIdentifier:when:confidence:deviceName:deviceIdentifier:deviceType:] (null) UASuggestedActionType=0 (null)/(null) opts=(null) when=2017-07-06 09:32:10 +0000 confidence=1 from=(null)/(null) (UABestAppSuggestionManager.m #319),E48,-[UABestAppSuggestionManager notifyBestAppChanged:type:options:bundleIdentifier:activityType:dynamicIdentifier:when:confidence:deviceName:deviceIdentifier:deviceType:] (null) UASuggestedActionType=<*> (null)/(null) opts=(null) when=<*>
1625,Jul,7,03:23:15,calvisitor-10-105-162-178,com.apple.AddressBook.InternetAccountsBridge,37700,,dnssd_clientstub ConnectToServer: connect()-> No of tries: 2,E203,dnssd_clientstub ConnectToServer: connect()-> No of tries: <*>
813,Jul,4,07:10:28,calvisitor-10-105-162-105,com.apple.AddressBook.InternetAccountsBridge,34457,,dnssd_clientstub ConnectToServer: connect()-> No of tries: 2,E203,dnssd_clientstub ConnectToServer: connect()-> No of tries: <*>
529,Jul,3,15:15:34,calvisitor-10-105-160-237,com.apple.AddressBook.InternetAccountsBridge,33518,,dnssd_clientstub ConnectToServer: connect()-> No of tries: 3,E203,dnssd_clientstub ConnectToServer: connect()-> No of tries: <*>
1205,Jul,5,10:58:44,calvisitor-10-105-160-179,imagent,355,,<IMMacNotificationCenterManager: 0x7fdcc9d16380>: notification observer: com.apple.FaceTime   notification: __CFNotification 0x7fdcc9d19110 {name = _NSDoNotDisturbEnabledNotification},E105,<IMMacNotificationCenterManager: <*>>: notification observer: com.apple.FaceTime   notification: __CFNotification <*> {name = _NSDoNotDisturbEnabledNotification}
1899,Jul,7,21:58:33,calvisitor-10-105-160-85,NeteaseMusic,17988,,21:58:33.765 ERROR:    177: timed out after 15.000s (0 0); mMajorChangePending=0,E73,<*>:<*>:<*>.<*> ERROR:    <*>: timed out after <*>.<*> (<*> <*>); mMajorChangePending=<*>
1258,Jul,5,15:55:35,calvisitor-10-105-162-98,kernel,0,,hibernate_rebuild completed - took 10042450943433 msecs,E236,hibernate_rebuild completed - took <*> msecs
1258,Jul,5,15:55:35,calvisitor-10-105-162-98,kernel,0,,hibernate_rebuild completed - took 10042450943433 msecs,E236,hibernate_rebuild completed - took <*> msecs
1258,Jul,5,15:55:35,calvisitor-10-105-162-98,kernel,0,,hibernate_rebuild completed - took 10042450943433 msecs,E236,hibernate_rebuild completed - took <*> msecs
1258,Jul,5,15:55:35,calvisitor-10-105-162-98,kernel,0,,hibernate_rebuild completed - took 10042450943433 msecs,E236,hibernate_rebuild completed - took <*> msecs
631,Jul,3,17:37:48,calvisitor-10-105-160-184,blued,85,,hciControllerOnline; HID devices? 0,E225,hciControllerOnline; HID devices? <*>
1290,Jul,5,16:58:24,airbears2-10-142-108-38,imagent,355,,<IMMacNotificationCenterManager: 0x7fdcc9d16380>: Updating enabled: NO   (Topics: ( )),E106,<IMMacNotificationCenterManager: <*>>: Updating enabled: NO   (Topics: ( ))
1290,Jul,5,16:58:24,airbears2-10-142-108-38,imagent,355,,<IMMacNotificationCenterManager: 0x7fdcc9d16380>: Updating enabled: NO   (Topics: ( )),E106,<IMMacNotificationCenterManager: <*>>: Updating enabled: NO   (Topics: ( ))
1824,Jul,7,16:45:57,authorMacBook-Pro,WindowServer,184,,CGXDisplayDidWakeNotification [771797848593539]: posting kCGSDisplayDidWake,E184,CGXDisplayDidWakeNotification [<*>]: posting kCGSDisplayDidWake
659,Jul,3,19:04:48,calvisitor-10-105-162-32,kernel,0,,WARNING: hibernate_page_list_setall skipped 11799 xpmapped pages,E340,WARNING: hibernate_page_list_setall skipped <*> xpmapped pages
1366,Jul,6,02:32:06,calvisitor-10-105-163-28,kernel,0,,WARNING: hibernate_page_list_setall skipped 19622 xpmapped pages,E340,WARNING: hibernate_page_list_setall skipped <*> xpmapped pages
1156,Jul,5,00:30:00,calvisitor-10-105-163-10,syslogd,44,,"Configuration Notice: ASL Module ""com.apple.corecdp.osx.asl"" claims selected messages. Those messages may not appear in standard system log files or in the ASL database.",E190,"Configuration Notice: ASL Module ""<*>"" claims selected messages. Those messages may not appear in standard system log files or in the ASL database."
1156,Jul,5,00:30:00,calvisitor-10-105-163-10,syslogd,44,,"Configuration Notice: ASL Module ""com.apple.corecdp.osx.asl"" claims selected messages. Those messages may not appear in standard system log files or in the ASL database.",E190,"Configuration Notice: ASL Module ""<*>"" claims selected messages. Those messages may not appear in standard system log files or in the ASL database."
2000,Jul,8,08:10:46,calvisitor-10-105-162-124,kernel,0,,AppleCamIn::wakeEventHandlerThread,E121,AppleCamIn::wakeEventHandlerThread
1814,Jul,7,16:05:42,calvisitor-10-105-161-77,kernel,0,,AppleCamIn::handleWakeEvent_gated,E119,AppleCamIn::handleWakeEvent_gated
1863,Jul,7,19:07:53,authorMacBook-Pro,kernel,0,,AppleCamIn::handleWakeEvent_gated,E119,AppleCamIn::handleWakeEvent_gated
638,Jul,3,18:34:20,calvisitor-10-105-162-32,kernel,0,,AppleCamIn::handleWakeEvent_gated,E119,AppleCamIn::handleWakeEvent_gated
1827,Jul,7,16:53:53,calvisitor-10-105-160-85,com.apple.SecurityServer,80,,Session 102106 destroyed,E309,Session <*> destroyed
1827,Jul,7,16:53:53,calvisitor-10-105-160-85,com.apple.SecurityServer,80,,Session 102106 destroyed,E309,Session <*> destroyed
1716,Jul,7,12:14:38,calvisitor-10-105-162-178,com.apple.SecurityServer,80,,Session 101800 destroyed,E309,Session <*> destroyed
23,Jul,1,09:24:13,calvisitor-10-105-160-95,kernel,0,,"PM response took 2010 ms (54, powerd)",E288,"PM response took <*> ms (<*>, powerd)"
1833,Jul,7,17:30:00,calvisitor-10-105-160-85,QuickLookSatellite,38418,,"nw_path_evaluator_start_helper_connection net_helper_path_evaluation_start failed, dumping backtrace: [x86_64] libnetcore-583.50.1 0   libsystem_network.dylib             0x00007fff92fabde9 __nw_create_backtrace_string + 123 1   libsystem_network.dylib             0x00007fff92fc289f nw_path_evaluator_start_helper_connection + 196 2   libdispatch.dylib                   0x00007fff980fa93d _dispatch_call_block_and_release + 12 3   libdispatch.dylib                   0x00007fff980ef40b _dispatch_client_callout + 8 4   libdispatch.dylib                   0x00007fff980f403b _dispatch_queue_drain + 754 5   libdispatch.dylib                   0x00007fff980fa707 _dispatch_queue_invoke + 549 6   libdispatch.dylib                   0x00007fff980f2d53 _dispatch_root_queue_drain + 538 7   libdispatch.dylib                   0x00007fff980f2b00 _dispatch_worker_thread3 + 91 8   libsystem_pthread.dylib             0x00007fff8ebc44de _pthread_wqthread + 1129 9   libsystem_pthread.dylib             0x00007fff8ebc2341 start_wqthread + 13",E277,"nw_path_evaluator_start_helper_connection net_helper_path_evaluation_start failed, dumping backtrace: [<*>_<*>] libnetcore-<*>.<*>.<*> <*>   libsystem_network.dylib             <*> __nw_create_backtrace_string + <*> <*>   libsystem_network.dylib             <*> nw_path_evaluator_start_helper_connection + <*> <*>   libdispatch.dylib                   <*> _dispatch_call_block_and_release + <*> <*>   libdispatch.dylib                   <*> _dispatch_client_callout + <*> <*>   libdispatch.dylib                   <*> _dispatch_queue_drain + <*> <*>   libdispatch.dylib                   <*> _dispatch_queue_invoke + <*> <*>   libdispatch.dylib                   <*> _dispatch_root_queue_drain + <*> <*>   libdispatch.dylib                   <*> _dispatch_worker_<*> + <*> <*>   libsystem_pthread.dylib             <*> _pthread_wqthread + <*> <*>   libsystem_pthread.dylib             <*> start_wqthread + <*>"
1833,Jul,7,17:30:00,calvisitor-10-105-160-85,QuickLookSatellite,38418,,"nw_path_evaluator_start_helper_connection net_helper_path_evaluation_start failed, dumping backtrace: [x86_64] libnetcore-583.50.1 0   libsystem_network.dylib             0x00007fff92fabde9 __nw_create_backtrace_string + 123 1   libsystem_network.dylib             0x00007fff92fc289f nw_path_evaluator_start_helper_connection + 196 2   libdispatch.dylib                   0x00007fff980fa93d _dispatch_call_block_and_release + 12 3   libdispatch.dylib                   0x00007fff980ef40b _dispatch_client_callout + 8 4   libdispatch.dylib                   0x00007fff980f403b _dispatch_queue_drain + 754 5   libdispatch.dylib                   0x00007fff980fa707 _dispatch_queue_invoke + 549 6   libdispatch.dylib                   0x00007fff980f2d53 _dispatch_root_queue_drain + 538 7   libdispatch.dylib                   0x00007fff980f2b00 _dispatch_worker_thread3 + 91 8   libsystem_pthread.dylib             0x00007fff8ebc44de _pthread_wqthread + 1129 9   libsystem_pthread.dylib             0x00007fff8ebc2341 start_wqthread + 13",E277,"nw_path_evaluator_start_helper_connection net_helper_path_evaluation_start failed, dumping backtrace: [<*>_<*>] libnetcore-<*>.<*>.<*> <*>   libsystem_network.dylib             <*> __nw_create_backtrace_string + <*> <*>   libsystem_network.dylib             <*> nw_path_evaluator_start_helper_connection + <*> <*>   libdispatch.dylib                   <*> _dispatch_call_block_and_release + <*> <*>   libdispatch.dylib                   <*> _dispatch_client_callout + <*> <*>   libdispatch.dylib                   <*> _dispatch_queue_drain + <*> <*>   libdispatch.dylib                   <*> _dispatch_queue_invoke + <*> <*>   libdispatch.dylib                   <*> _dispatch_root_queue_drain + <*> <*>   libdispatch.dylib                   <*> _dispatch_worker_<*> + <*> <*>   libsystem_pthread.dylib             <*> _pthread_wqthread + <*> <*>   libsystem_pthread.dylib             <*> start_wqthread + <*>"
1701,Jul,7,10:38:10,calvisitor-10-105-162-178,QQ,10018,,DB Path: /Users/xpc/Library/Containers/com.tencent.qq/Data/Documents/contents/916639562/QQ.db,E198,DB Path: <*>
1701,Jul,7,10:38:10,calvisitor-10-105-162-178,QQ,10018,,DB Path: /Users/xpc/Library/Containers/com.tencent.qq/Data/Documents/contents/916639562/QQ.db,E198,DB Path: <*>
1701,Jul,7,10:38:10,calvisitor-10-105-162-178,QQ,10018,,DB Path: /Users/xpc/Library/Containers/com.tencent.qq/Data/Documents/contents/916639562/QQ.db,E198,DB Path: <*>
1299,Jul,5,17:22:36,authorMacBook-Pro,com.apple.WebKit.WebContent,25654,,[17:22:36.133] <<<< CRABS >>>> crabsFlumeHostAvailable: [0x7f961cf08cf0] Byte flume reports host available again.,E13,[<*>:<*>:<*>.<*>] <<<< CRABS >>>> crabsFlumeHostAvailable: [<*>] Byte flume reports host available again.
235,Jul,2,12:15:23,calvisitor-10-105-163-202,sharingd,30299,,12:15:23.005 : Discoverable mode changed to Off,E67,<*>:<*>:<*>.<*> : Discoverable mode changed to Off
435,Jul,3,08:21:18,authorMacBook-Pro,sharingd,30299,,08:21:18.004 : Discoverable mode changed to Off,E67,<*>:<*>:<*>.<*> : Discoverable mode changed to Off
3,Jul,1,09:01:06,calvisitor-10-105-160-95,QQ,10018,,FA||Url||taskID[2019352994] dealloc,E216,FA||Url||taskID[<*>] dealloc
1335,Jul,5,21:48:33,calvisitor-10-105-162-81,blued,85,,[BluetoothHIDDeviceController] EventServiceConnectedCallback,E23,[BluetoothHIDDeviceController] EventServiceConnectedCallback
276,Jul,2,17:07:56,calvisitor-10-105-163-202,locationd,82,,Location icon should now be in state 'Active',E258,Location icon should now be in state 'Active'
391,Jul,3,03:55:49,authorMacBook-Pro,locationd,82,,Location icon should now be in state 'Inactive',E259,Location icon should now be in state 'Inactive'
516,Jul,3,13:55:56,calvisitor-10-105-160-237,sharingd,30299,,13:55:56.094 : Starting AirDrop server for user 501 on wake,E72,<*>:<*>:<*>.<*> : Starting AirDrop server for user <*> on wake
516,Jul,3,13:55:56,calvisitor-10-105-160-237,sharingd,30299,,13:55:56.094 : Starting AirDrop server for user 501 on wake,E72,<*>:<*>:<*>.<*> : Starting AirDrop server for user <*> on wake
973,Jul,4,17:13:03,calvisitor-10-105-162-105,sharingd,30299,,17:13:03.545 : Starting AirDrop server for user 501 on wake,E72,<*>:<*>:<*>.<*> : Starting AirDrop server for user <*> on wake
856,Jul,4,09:42:57,calvisitor-10-105-162-105,GoogleSoftwareUpdateAgent,34603,,"2017-07-04 09:42:57.924 GoogleSoftwareUpdateAgent[34603/0x700000323000] [lvl=2] +[KSCodeSigningVerification verifyBundle:applicationId:error:] KSCodeSigningVerification verifying code signing for '/Users/xpc/Library/Google/GoogleSoftwareUpdate/GoogleSoftwareUpdate.bundle/Contents/MacOS/GoogleSoftwareUpdateDaemon' with the requirement 'anchor apple generic and certificate 1[field.1.2.840.113635.100.6.2.6] exists and certificate leaf[field.1.2.840.113635.100.6.1.13] exists and certificate leaf[subject.OU]=""EQHXZ8M8AV"" and (identifier=""com.google.Keystone"")'",E91,"<*>-<*>-<*> <*>:<*>:<*>.<*> GoogleSoftwareUpdateAgent[<*>/<*>] [lvl=<*>] +[KSCodeSigningVerification verifyBundle:applicationId:error:] KSCodeSigningVerification verifying code signing for '/Users/xpc/Library/Google/GoogleSoftwareUpdate/GoogleSoftwareUpdate.bundle/Contents/MacOS/GoogleSoftwareUpdateDaemon' with the requirement 'anchor apple generic and certificate <*>[field.<*>.<*>] exists and certificate leaf[field.<*>.<*>] exists and certificate leaf[subject.OU]=""<*>"" and (identifier=""com.google.Keystone"")'"
856,Jul,4,09:42:57,calvisitor-10-105-162-105,GoogleSoftwareUpdateAgent,34603,,"2017-07-04 09:42:57.924 GoogleSoftwareUpdateAgent[34603/0x700000323000] [lvl=2] +[KSCodeSigningVerification verifyBundle:applicationId:error:] KSCodeSigningVerification verifying code signing for '/Users/xpc/Library/Google/GoogleSoftwareUpdate/GoogleSoftwareUpdate.bundle/Contents/MacOS/GoogleSoftwareUpdateDaemon' with the requirement 'anchor apple generic and certificate 1[field.1.2.840.113635.100.6.2.6] exists and certificate leaf[field.1.2.840.113635.100.6.1.13] exists and certificate leaf[subject.OU]=""EQHXZ8M8AV"" and (identifier=""com.google.Keystone"")'",E91,"<*>-<*>-<*> <*>:<*>:<*>.<*> GoogleSoftwareUpdateAgent[<*>/<*>] [lvl=<*>] +[KSCodeSigningVerification verifyBundle:applicationId:error:] KSCodeSigningVerification verifying code signing for '/Users/xpc/Library/Google/GoogleSoftwareUpdate/GoogleSoftwareUpdate.bundle/Contents/MacOS/GoogleSoftwareUpdateDaemon' with the requirement 'anchor apple generic and certificate <*>[field.<*>.<*>] exists and certificate leaf[field.<*>.<*>] exists and certificate leaf[subject.OU]=""<*>"" and (identifier=""com.google.Keystone"")'"
1788,Jul,7,14:09:44,calvisitor-10-105-160-205,cloudd,326,,"SecOSStatusWith error:[-50] Error Domain=NSOSStatusErrorDomain Code=-50 ""query missing class name"" (paramErr: error in user parameter list) UserInfo={NSDescription=query missing class name}",E303,"SecOSStatusWith error:[<*>] Error Domain=NSOSStatusErrorDomain Code=<*> ""query missing class name"" (paramErr: error in user parameter list) UserInfo={NSDescription=query missing class name}"
51,Jul,1,09:36:19,calvisitor-10-105-160-95,kernel,0,,AppleThunderboltNHIType2::waitForOk2Go2Sx - retries = 7,E55,<*>::<*> - retries = <*>
868,Jul,4,09:57:31,authorMacBook-Pro,configd,53,,network changed: v4(en0!:10.105.162.105) DNS+ Proxy+ SMB,E264,network changed: <*>(<*>!:<*>) DNS+ Proxy+ SMB
997,Jul,4,19:29:01,calvisitor-10-105-162-105,kernel,0,,ARPT: 712530.297675: wl0: leaveModulePoweredForOffloads: Wi-Fi will stay on.,E139,ARPT: <*>.<*>: wl0: leaveModulePoweredForOffloads: Wi-Fi will stay on.
789,Jul,4,06:39:19,calvisitor-10-105-162-105,kernel,0,,"ARPT: 699352.804212: wl0: wl_update_tcpkeep_seq: Updated seq/ack/win from UserClient Seq 2794574676, Ack 1746081928, Win size 278",E150,"ARPT: <*>.<*>: wl0: wl_update_tcpkeep_seq: Updated seq/ack/win from UserClient Seq <*>, Ack <*>, Win size <*>"
789,Jul,4,06:39:19,calvisitor-10-105-162-105,kernel,0,,"ARPT: 699352.804212: wl0: wl_update_tcpkeep_seq: Updated seq/ack/win from UserClient Seq 2794574676, Ack 1746081928, Win size 278",E150,"ARPT: <*>.<*>: wl0: wl_update_tcpkeep_seq: Updated seq/ack/win from UserClient Seq <*>, Ack <*>, Win size <*>"
1229,Jul,5,13:44:18,calvisitor-10-105-160-226,com.apple.AddressBook.InternetAccountsBridge,646,,Daemon connection invalidated!,E196,Daemon connection invalidated!
1229,Jul,5,13:44:18,calvisitor-10-105-160-226,com.apple.AddressBook.InternetAccountsBridge,646,,Daemon connection invalidated!,E196,Daemon connection invalidated!
1229,Jul,5,13:44:18,calvisitor-10-105-160-226,com.apple.AddressBook.InternetAccountsBridge,646,,Daemon connection invalidated!,E196,Daemon connection invalidated!
298,Jul,2,18:37:25,authorMacBook-Pro,configd,53,,network changed: v4(en0-:10.105.163.202) v6(en0:2607:f140:6000:8:c6b3:1ff:fecd:467f) DNS! Proxy SMB,E267,network changed: <*>(<*>:<*>) <*>(<*>) DNS! Proxy SMB
1338,Jul,5,22:29:03,calvisitor-10-105-161-231,kernel,0,,"pages 1401204, wire 544128, act 416065, inact 0, cleaned 0 spec 3, zf 25, throt 0, compr 266324, xpmapped 40000",E282,"pages <*>, wire <*>, act <*>, inact <*>, cleaned <*> spec <*>, zf <*>, throt <*>, compr <*>, xpmapped <*>"
1394,Jul,6,08:32:45,authorMacBook-Pro,netbiosd,36551,,Unable to start NetBIOS name service:,E326,Unable to start NetBIOS name service:
1140,Jul,5,00:03:06,calvisitor-10-105-162-105,sharingd,30299,,00:03:06.178 : Started generating hashes,E71,<*>:<*>:<*>.<*> : Started generating hashes
1140,Jul,5,00:03:06,calvisitor-10-105-162-105,sharingd,30299,,00:03:06.178 : Started generating hashes,E71,<*>:<*>:<*>.<*> : Started generating hashes
1328,Jul,5,20:16:55,calvisitor-10-105-160-210,kernel,0,,"booter start at 1251 ms smc 0 ms, [18, 0, 0] total 367 ms, dsply 0, 0 ms, tramp 1080 ms",E158,"booter start at <*> ms smc <*> ms, [<*>, <*>, <*>] total <*> ms, dsply <*>, <*> ms, tramp <*> ms"
1328,Jul,5,20:16:55,calvisitor-10-105-160-210,kernel,0,,"booter start at 1251 ms smc 0 ms, [18, 0, 0] total 367 ms, dsply 0, 0 ms, tramp 1080 ms",E158,"booter start at <*> ms smc <*> ms, [<*>, <*>, <*>] total <*> ms, dsply <*>, <*> ms, tramp <*> ms"
1973,Jul,8,05:52:07,calvisitor-10-105-162-124,kernel,0,,vm_compressor_fastwake_warmup completed - took 12461 msecs,E334,vm_compressor_fastwake_warmup completed - took <*> msecs
1973,Jul,8,05:52:07,calvisitor-10-105-162-124,kernel,0,,vm_compressor_fastwake_warmup completed - took 12461 msecs,E334,vm_compressor_fastwake_warmup completed - took <*> msecs
1269,Jul,5,16:05:13,calvisitor-10-105-162-107,kernel,0,,ARPT: 725218.810934: AirPort_Brcm43xx::powerChange: System Sleep,E126,ARPT: <*>.<*>: AirPort_<*>::powerChange: System Sleep
766,Jul,4,04:40:17,airbears2-10-142-110-255,kernel,0,,ARPT: 698896.274509: AirPort_Brcm43xx::powerChange: System Sleep,E126,ARPT: <*>.<*>: AirPort_<*>::powerChange: System Sleep
1876,Jul,7,20:44:13,calvisitor-10-105-160-85,GPUToolsAgent,38749,,"schedule invalidation <DYTransport 0x7f89e8c00520, error: lost transport connection (31)>",E302,"schedule invalidation <DYTransport <*>, error: lost transport connection (<*>)>"
1876,Jul,7,20:44:13,calvisitor-10-105-160-85,GPUToolsAgent,38749,,"schedule invalidation <DYTransport 0x7f89e8c00520, error: lost transport connection (31)>",E302,"schedule invalidation <DYTransport <*>, error: lost transport connection (<*>)>"
732,Jul,4,01:49:07,airbears2-10-142-110-255,com.apple.cts,258,,"com.apple.icloud.fmfd.heartbeat: scheduler_evaluate_activity told me to run this job; however, but the start time isn't for 206840 seconds.  Ignoring.",E189,"com.apple.<*>: scheduler_evaluate_activity told me to run this job; however, but the start time isn't for <*> seconds.  Ignoring."
1835,Jul,7,17:45:26,calvisitor-10-105-160-85,loginwindow,94,,"CoreAnimation: warning, deleted thread with uncommitted CATransaction; set CA_DEBUG_TRANSACTIONS=1 in environment to log backtraces.",E193,"CoreAnimation: warning, deleted thread with uncommitted CATransaction; set CA_DEBUG_TRANSACTIONS=<*> in environment to log backtraces."
1835,Jul,7,17:45:26,calvisitor-10-105-160-85,loginwindow,94,,"CoreAnimation: warning, deleted thread with uncommitted CATransaction; set CA_DEBUG_TRANSACTIONS=1 in environment to log backtraces.",E193,"CoreAnimation: warning, deleted thread with uncommitted CATransaction; set CA_DEBUG_TRANSACTIONS=<*> in environment to log backtraces."
437,Jul,3,08:33:41,authorMacBook-Pro,locationd,82,,"NETWORK: requery, 0, 0, 0, 0, 252, items, fQueryRetries, 0, fLastRetryTimestamp, 520783088.4",E271,"NETWORK: requery, <*>, <*>, <*>, <*>, <*>, items, fQueryRetries, <*>, fLastRetryTimestamp, <*>.<*>"
1588,Jul,7,00:01:59,calvisitor-10-105-162-178,kernel,0,,Sandbox: SpotlightNetHelp(352) deny(1) ipc-posix-shm-read-data CFPBS:186A7:,E298,Sandbox: <*>(<*>) deny(<*>) ipc-posix-shm-read-data CFPBS:<*>:
1588,Jul,7,00:01:59,calvisitor-10-105-162-178,kernel,0,,Sandbox: SpotlightNetHelp(352) deny(1) ipc-posix-shm-read-data CFPBS:186A7:,E298,Sandbox: <*>(<*>) deny(<*>) ipc-posix-shm-read-data CFPBS:<*>:
1032,Jul,4,21:23:17,calvisitor-10-105-162-105,wirelessproxd,75,,Peripheral manager is not powered on,E287,Peripheral manager is not powered on
1001,Jul,4,19:43:32,calvisitor-10-105-162-105,wirelessproxd,75,,Peripheral manager is not powered on,E287,Peripheral manager is not powered on
1582,Jul,6,22:33:18,calvisitor-10-105-162-178,CalendarAgent,279,,"[com.apple.calendar.store.log.caldav.queue] [Account refresh failed with error: Error Domain=CoreDAVHTTPStatusErrorDomain Code=502 ""(null)"" UserInfo={AccountName=163, CalDAVErrFromRefresh=YES, CoreDAVHTTPHeaders=<CFBasicHash 0x7fa11fe7a810 [0x7fff7abc1440]>{type = immutable dict, count = 5, entries => 0 : Connection = <CFString 0x7fff7ab1aea0 [0x7fff7abc1440]>{contents = ""keep-alive""} 3 : Content-Type = text/html 4 : Content-Length = 166 5 : Server = nginx 6 : Date = <CFString 0x7fa11ac2ab80 [0x7fff7abc1440]>{contents = ""Fri, 07 Jul 2017 05:32:43 GMT""} } }]",E30,"[com.apple.calendar.store.log.caldav.queue] [Account refresh failed with error: Error Domain=CoreDAVHTTPStatusErrorDomain Code=<*> ""(null)"" UserInfo={AccountName=<*>, CalDAVErrFromRefresh=YES, CoreDAVHTTPHeaders=<CFBasicHash <*> [<*>]>{type = immutable dict, count = <*>, entries => <*> : Connection = <CFString <*> [<*>]>{contents = ""keep-alive""} <*> : Content-Type = text/html <*> : Content-Length = <*> <*> : Server = nginx <*> : Date = <CFString <*> [<*>]>{contents = ""<*> <*> <*>:<*>:<*> GMT""} } }]"
1582,Jul,6,22:33:18,calvisitor-10-105-162-178,CalendarAgent,279,,"[com.apple.calendar.store.log.caldav.queue] [Account refresh failed with error: Error Domain=CoreDAVHTTPStatusErrorDomain Code=502 ""(null)"" UserInfo={AccountName=163, CalDAVErrFromRefresh=YES, CoreDAVHTTPHeaders=<CFBasicHash 0x7fa11fe7a810 [0x7fff7abc1440]>{type = immutable dict, count = 5, entries => 0 : Connection = <CFString 0x7fff7ab1aea0 [0x7fff7abc1440]>{contents = ""keep-alive""} 3 : Content-Type = text/html 4 : Content-Length = 166 5 : Server = nginx 6 : Date = <CFString 0x7fa11ac2ab80 [0x7fff7abc1440]>{contents = ""Fri, 07 Jul 2017 05:32:43 GMT""} } }]",E30,"[com.apple.calendar.store.log.caldav.queue] [Account refresh failed with error: Error Domain=CoreDAVHTTPStatusErrorDomain Code=<*> ""(null)"" UserInfo={AccountName=<*>, CalDAVErrFromRefresh=YES, CoreDAVHTTPHeaders=<CFBasicHash <*> [<*>]>{type = immutable dict, count = <*>, entries => <*> : Connection = <CFString <*> [<*>]>{contents = ""keep-alive""} <*> : Content-Type = text/html <*> : Content-Length = <*> <*> : Server = nginx <*> : Date = <CFString <*> [<*>]>{contents = ""<*> <*> <*>:<*>:<*> GMT""} } }]"
384,Jul,3,03:31:43,authorMacBook-Pro,sharingd,30299,,03:31:43.005 : BTLE scanning stopped,E66,<*>:<*>:<*>.<*> : BTLE scanning stopped
371,Jul,3,01:42:26,authorMacBook-Pro,sharingd,30299,,01:42:26.004 : BTLE scanning stopped,E66,<*>:<*>:<*>.<*> : BTLE scanning stopped
1343,Jul,5,23:09:36,calvisitor-10-105-160-22,kernel,0,,"bitmap_size 0x7f0fc, previewSize 0x4028, writing 485676 pages @ 0x97144",E156,"bitmap_size <*>, previewSize <*>, writing <*> pages @ <*>"
1264,Jul,5,16:04:10,calvisitor-10-105-162-107,kernel,0,,"bitmap_size 0x7f0fc, previewSize 0x4028, writing 488299 pages @ 0x97144",E156,"bitmap_size <*>, previewSize <*>, writing <*> pages @ <*>"
1841,Jul,7,18:09:40,authorMacBook-Pro,kernel,0,,[HID] [ATC] AppleDeviceManagementHIDEventService::processWakeReason Wake reason: Host (0x01),E33,[HID] [ATC] AppleDeviceManagementHIDEventService::processWakeReason Wake reason: Host (<*>)
675,Jul,3,19:46:35,authorMacBook-Pro,kernel,0,,hibernate_rebuild_pmap_structs done: last_valid_compact_indx 285862,E238,hibernate_rebuild_pmap_structs done: last_valid_compact_indx <*>
1984,Jul,8,06:26:32,calvisitor-10-105-162-124,GoogleSoftwareUpdateAgent,39159,,2017-07-08 06:26:32.365 GoogleSoftwareUpdateAgent[39159/0x7000002a0000] [lvl=2] -[KSAgentApp(KeystoneThread) runKeystonesInThreadWithArg:] About to run checks for any other apps.,E79,<*>-<*>-<*> <*>:<*>:<*>.<*> GoogleSoftwareUpdateAgent[<*>/<*>] [lvl=<*>] -[KSAgentApp(KeystoneThread) runKeystonesInThreadWithArg:] About to run checks for any other apps.
1406,Jul,6,09:31:18,calvisitor-10-105-163-253,WindowServer,184,,no sleep images for WillPowerOffWithImages,E274,no sleep images for WillPowerOffWithImages
1406,Jul,6,09:31:18,calvisitor-10-105-163-253,WindowServer,184,,no sleep images for WillPowerOffWithImages,E274,no sleep images for WillPowerOffWithImages
628,Jul,3,17:37:47,calvisitor-10-105-160-184,kernel,0,,hibernate_setup(0) took 4429 ms,E239,hibernate_setup(<*>) took <*> ms
1950,Jul,8,04:16:14,calvisitor-10-105-161-176,kernel,0,,hibernate_setup(0) took 8471 ms,E239,hibernate_setup(<*>) took <*> ms
1184,Jul,5,10:31:18,calvisitor-10-105-163-10,kernel,0,,"hibernate_newruntime_map time: 0 ms, IOPolledFilePollersOpen(), ml_get_interrupts_enabled 0",E232,"hibernate_newruntime_map time: <*> ms, IOPolledFilePollersOpen(), ml_get_interrupts_enabled <*>"
1331,Jul,5,20:44:17,calvisitor-10-105-160-210,kernel,0,,"hibernate_newruntime_map time: 0 ms, IOPolledFilePollersOpen(), ml_get_interrupts_enabled 0",E232,"hibernate_newruntime_map time: <*> ms, IOPolledFilePollersOpen(), ml_get_interrupts_enabled <*>"
1184,Jul,5,10:31:18,calvisitor-10-105-163-10,kernel,0,,"hibernate_newruntime_map time: 0 ms, IOPolledFilePollersOpen(), ml_get_interrupts_enabled 0",E232,"hibernate_newruntime_map time: <*> ms, IOPolledFilePollersOpen(), ml_get_interrupts_enabled <*>"
1845,Jul,7,18:10:10,calvisitor-10-105-160-85,kernel,0,,IO80211AWDLPeerManager::setAwdlOperatingMode Setting the AWDL operation mode from AUTO to SUSPENDED,E59,<*>::setAwdlOperatingMode Setting the AWDL operation mode from AUTO to SUSPENDED
1318,Jul,5,19:00:34,authorMacBook-Pro,kernel,0,,IO80211AWDLPeerManager::setAwdlOperatingMode Setting the AWDL operation mode from SUSPENDED to AUTO,E60,<*>::setAwdlOperatingMode Setting the AWDL operation mode from SUSPENDED to AUTO
98,Jul,1,11:39:47,authorMacBook-Pro,kernel,0,,IO80211AWDLPeerManager::setAwdlOperatingMode Setting the AWDL operation mode from AUTO to SUSPENDED,E59,<*>::setAwdlOperatingMode Setting the AWDL operation mode from AUTO to SUSPENDED
1359,Jul,6,01:11:09,authorMacBook-Pro,kernel,0,,"Google Chrome He[36456] triggered unnest of range 0x7fff93c00000->0x7fff93e00000 of DYLD shared region in VM map 0x77c9114550458e7b. While not abnormal for debuggers, this increases system memory footprint until the target exits.",E222,"Google Chrome He[<*>] triggered unnest of range <*>-><*> of DYLD shared region in VM map <*>. While not abnormal for debuggers, this increases system memory footprint until the target exits."
1858,Jul,7,18:50:46,calvisitor-10-105-160-85,sharingd,30299,,18:50:46.109 : BTLE scanner Powered On,E64,<*>:<*>:<*>.<*> : BTLE scanner Powered On
461,Jul,3,10:40:41,authorMacBook-Pro,GoogleSoftwareUpdateAgent,33263,,"2017-07-03 10:40:41.730 GoogleSoftwareUpdateAgent[33263/0x700000323000] [lvl=2] -[KSAgentApp performSelfUpdateWithEngine:] Checking for self update with Engine: <KSUpdateEngine:0x10062de70 ticketStore=<KSPersistentTicketStore:0x1005206e0 store=<KSKeyedPersistentStore:0x1005282c0 path=""/Users/xpc/Library/Google/GoogleSoftwareUpdate/TicketStore/Keystone.ticketstore"" lockFile=<KSLockFile:0x100510480 path=""/Users/xpc/Library/Google/GoogleSoftwareUpdate/TicketStore/Keystone.ticketstore.lock"" locked=NO > >> processor=<KSActionProcessor:0x10062e060 delegate=<KSUpdateEngine:0x10062de70> isProcessing=NO actionsCompleted=0 progress=0.00 errors=0 currentActionErrors=0 events=0 currentActionEvents=0 actionQueue=( ) > delegate=(null) serverInfoStore=<KSServerPrivateInfoStore:0x10062d2d0 path=""/Users/xpc/Library/Google/GoogleSoftwareUpdate/Servers""> errors=0 >",E76,<*>-<*>-<*> <*>:<*>:<*>.<*> GoogleSoftwareUpdateAgent[<*>/<*>] [lvl=<*>] -[KSAgentApp performSelfUpdateWithEngine:] Checking for self update with Engine: <KSUpdateEngine:<*> ticketStore=<KSPersistentTicketStore:<*> store=<KSKeyedPersistentStore:<*> path=<*> lockFile=<KSLockFile:<*> path=<*> locked=NO > >> processor=<KSActionProcessor:<*> delegate=<KSUpdateEngine:<*>> isProcessing=NO actionsCompleted=<*> progress=<*>.<*> errors=<*> currentActionErrors=<*> events=<*> currentActionEvents=<*> actionQueue=( ) > delegate=(null) serverInfoStore=<KSServerPrivateInfoStore:<*> path=<*> errors=<*> >
461,Jul,3,10:40:41,authorMacBook-Pro,GoogleSoftwareUpdateAgent,33263,,"2017-07-03 10:40:41.730 GoogleSoftwareUpdateAgent[33263/0x700000323000] [lvl=2] -[KSAgentApp performSelfUpdateWithEngine:] Checking for self update with Engine: <KSUpdateEngine:0x10062de70 ticketStore=<KSPersistentTicketStore:0x1005206e0 store=<KSKeyedPersistentStore:0x1005282c0 path=""/Users/xpc/Library/Google/GoogleSoftwareUpdate/TicketStore/Keystone.ticketstore"" lockFile=<KSLockFile:0x100510480 path=""/Users/xpc/Library/Google/GoogleSoftwareUpdate/TicketStore/Keystone.ticketstore.lock"" locked=NO > >> processor=<KSActionProcessor:0x10062e060 delegate=<KSUpdateEngine:0x10062de70> isProcessing=NO actionsCompleted=0 progress=0.00 errors=0 currentActionErrors=0 events=0 currentActionEvents=0 actionQueue=( ) > delegate=(null) serverInfoStore=<KSServerPrivateInfoStore:0x10062d2d0 path=""/Users/xpc/Library/Google/GoogleSoftwareUpdate/Servers""> errors=0 >",E76,<*>-<*>-<*> <*>:<*>:<*>.<*> GoogleSoftwareUpdateAgent[<*>/<*>] [lvl=<*>] -[KSAgentApp performSelfUpdateWithEngine:] Checking for self update with Engine: <KSUpdateEngine:<*> ticketStore=<KSPersistentTicketStore:<*> store=<KSKeyedPersistentStore:<*> path=<*> lockFile=<KSLockFile:<*> path=<*> locked=NO > >> processor=<KSActionProcessor:<*> delegate=<KSUpdateEngine:<*>> isProcessing=NO actionsCompleted=<*> progress=<*>.<*> errors=<*> currentActionErrors=<*> events=<*> currentActionEvents=<*> actionQueue=( ) > delegate=(null) serverInfoStore=<KSServerPrivateInfoStore:<*> path=<*> errors=<*> >
955,Jul,4,15:03:53,calvisitor-10-105-162-105,GoogleSoftwareUpdateAgent,35018,,"2017-07-04 15:03:53.270 GoogleSoftwareUpdateAgent[35018/0x7000002a0000] [lvl=2] -[KSOutOfProcessFetcher(PrivateMethods) helperDidTerminate:] KSOutOfProcessFetcher fetch ended for URL: ""https://tools.google.com/service/update2?cup2hreq=a70d6372a4e45a6cbba61cd7f057c79bf73c79db1b1951dc17c605e870f0419b&cup2key=7:934679018""",E85,"<*>-<*>-<*> <*>:<*>:<*>.<*> GoogleSoftwareUpdateAgent[<*>/<*>] [lvl=<*>] -[KSOutOfProcessFetcher(PrivateMethods) helperDidTerminate:] KSOutOfProcessFetcher fetch ended for URL: ""<*>"""
11,Jul,1,09:12:20,authorMacBook-Pro,kernel,0,,IO80211AWDLPeerManager::setAwdlAutoMode Resuming AWDL,E58,<*>::setAwdlAutoMode Resuming AWDL
816,Jul,4,07:23:41,calvisitor-10-105-162-105,kernel,0,,en0: BSSID changed to 5c:50:15:36:bc:03,E207,en0: BSSID changed to <*>
589,Jul,3,16:27:11,authorMacBook-Pro,UserEventAgent,43,,Captive: CNPluginHandler en0: Authenticated,E163,Captive: CNPluginHandler en0: Authenticated
1259,Jul,5,15:55:35,calvisitor-10-105-162-98,kernel,0,,AppleActuatorDevice::stop Entered,E114,AppleActuatorDevice::stop Entered
537,Jul,3,15:46:29,authorMacBook-Pro,UserEventAgent,43,,Captive: [CNInfoNetworkActive:1748] en0: SSID 'CalVisitor' making interface primary (cache indicates network not captive),E162,Captive: [CNInfoNetworkActive:<*>] en0: SSID 'CalVisitor' making interface primary (cache indicates network not captive)
1611,Jul,7,02:01:04,calvisitor-10-105-162-178,kernel,0,,AppleThunderboltGenericHAL::earlyWake - complete - took 1 milliseconds,E122,AppleThunderboltGenericHAL::earlyWake - complete - took <*> milliseconds
1693,Jul,7,10:31:22,calvisitor-10-105-162-178,kernel,0,,AppleThunderboltGenericHAL::earlyWake - complete - took 0 milliseconds,E122,AppleThunderboltGenericHAL::earlyWake - complete - took <*> milliseconds
1006,Jul,4,20:09:58,calvisitor-10-105-162-105,kernel,0,,IOThunderboltSwitch<0>(0x0)::listenerCallback - Thunderbolt HPD packet for route = 0x0 port = 12 unplug = 0,E252,IOThunderboltSwitch<<*>>(<*>)::listenerCallback - Thunderbolt HPD packet for route = <*> port = <*> unplug = <*>
1668,Jul,7,07:30:15,calvisitor-10-105-162-178,kernel,0,,IOThunderboltSwitch<0>(0x0)::listenerCallback - Thunderbolt HPD packet for route = 0x0 port = 12 unplug = 0,E252,IOThunderboltSwitch<<*>>(<*>)::listenerCallback - Thunderbolt HPD packet for route = <*> port = <*> unplug = <*>
1274,Jul,5,16:12:56,authorMacBook-Pro,kernel,0,,en0: manual intervention required!,E209,en0: manual intervention required!
1561,Jul,6,19:58:57,calvisitor-10-105-162-178,kernel,0,,"PM response took 129 ms (10018, QQ)",E289,"PM response took <*> ms (<*>, QQ)"
1591,Jul,7,00:10:01,calvisitor-10-105-162-178,taskgated,273,,"no application identifier provided, can't use provisioning profiles [pid=37563]",E273,"no application identifier provided, can't use provisioning profiles [pid=<*>]"
1402,Jul,6,09:08:22,calvisitor-10-105-163-253,loginwindow,94,,-[SFLListManager(ServiceReplyProtocol) notifyChanges:toListWithIdentifier:] Notified of item changes to list with identifier com.apple.LSSharedFileList.RecentApplications,E46,-[SFLListManager(ServiceReplyProtocol) notifyChanges:toListWithIdentifier:] Notified of item changes to list with identifier com.apple.LSSharedFileList.RecentApplications
1402,Jul,6,09:08:22,calvisitor-10-105-163-253,loginwindow,94,,-[SFLListManager(ServiceReplyProtocol) notifyChanges:toListWithIdentifier:] Notified of item changes to list with identifier com.apple.LSSharedFileList.RecentApplications,E46,-[SFLListManager(ServiceReplyProtocol) notifyChanges:toListWithIdentifier:] Notified of item changes to list with identifier com.apple.LSSharedFileList.RecentApplications
1719,Jul,7,12:15:59,calvisitor-10-105-162-178,WindowServer,184,,send_datagram_available_ping: pid 445 failed to act on a ping it dequeued before timing out.,E305,send_datagram_available_ping: pid <*> failed to act on a ping it dequeued before timing out.
112,Jul,1,11:46:19,authorMacBook-Pro,sharingd,30299,,11:46:19.229 : Finished generating hashes,E68,<*>:<*>:<*>.<*> : Finished generating hashes
1933,Jul,8,03:12:46,calvisitor-10-105-162-175,kernel,0,,did discard act 12083 inact 17640 purgeable 20264 spec 28635 cleaned 0,E201,did discard act <*> inact <*> purgeable <*> spec <*> cleaned <*>
1260,Jul,5,15:55:35,calvisitor-10-105-162-98,kernel,0,,AppleActuatorDevice::start Entered,E113,AppleActuatorDevice::start Entered
1886,Jul,7,21:23:10,calvisitor-10-105-160-85,com.apple.WebKit.WebContent,38826,,<<<< MediaValidator >>>> mv_LookupCodecSupport: Unrecognized codec 1,E101,<<<< MediaValidator >>>> mv_LookupCodecSupport: Unrecognized codec <*>
1357,Jul,6,01:11:06,authorMacBook-Pro,Dropbox,24019,,[0706/011106:WARNING:dns_config_service_posix.cc(306)] Failed to read DnsConfig.,E10,[<*>/<*>:WARNING:dns_config_service_posix.cc(<*>)] Failed to read DnsConfig.
643,Jul,3,18:56:23,calvisitor-10-105-162-32,kernel,0,,Wake reason: ARPT (Network),E336,Wake reason: ARPT (Network)
1710,Jul,7,11:48:06,calvisitor-10-105-162-178,com.apple.WebKit.WebContent,32778,,[11:48:06.869] FigAgglomeratorSetObjectForKey signalled err=-16020 (kFigStringConformerError_ParamErr) (NULL key) at /Library/Caches/com.apple.xbs/Sources/CoreMedia/CoreMedia-1731.15.207/Prototypes/LegibleOutput/FigAgglomerator.c line 92,E17,[<*>:<*>:<*>.<*>] FigAgglomeratorSetObjectForKey signalled err=<*> (kFigStringConformerError_ParamErr) (NULL key) at <*> line <*>
332,Jul,2,21:17:07,calvisitor-10-105-163-202,com.apple.WebKit.WebContent,32778,,[21:17:07.529] FigAgglomeratorSetObjectForKey signalled err=-16020 (kFigStringConformerError_ParamErr) (NULL key) at /Library/Caches/com.apple.xbs/Sources/CoreMedia/CoreMedia-1731.15.207/Prototypes/LegibleOutput/FigAgglomerator.c line 92,E17,[<*>:<*>:<*>.<*>] FigAgglomeratorSetObjectForKey signalled err=<*> (kFigStringConformerError_ParamErr) (NULL key) at <*> line <*>
1000,Jul,4,19:42:58,calvisitor-10-105-162-105,secd,276,,"SOSAccountThisDeviceCanSyncWithCircle sync with device failure: Error Domain=com.apple.security.sos.error Code=1035 ""Account identity not set"" UserInfo={NSDescription=Account identity not set}",E313,"SOSAccountThisDeviceCanSyncWithCircle sync with device failure: Error Domain=com.apple.security.sos.error Code=<*> ""Account identity not set"" UserInfo={NSDescription=Account identity not set}"
1875,Jul,7,20:43:37,calvisitor-10-105-160-85,QuickLookSatellite,38624,,"[QL] No sandbox token for request <QLThumbnailRequest vmware-usbarb-25037.log>, it will probably fail",E45,"[QL] No sandbox token for request <QLThumbnailRequest vmware-usbarb-<*>.log>, it will probably fail"
1072,Jul,4,23:22:09,calvisitor-10-105-162-105,Microsoft Word,14463,,Cocoa scripting error for '0x03ef000d': four character codes must be four characters long.,E188,Cocoa scripting error for '<*>': four character codes must be four characters long.
329,Jul,2,20:22:38,calvisitor-10-105-163-202,WindowServer,184,,"device_generate_lock_screen_screenshot: authw 0x7fa823962400(2000)[0, 0, 1440, 900] shield 0x7fa82d372000(2001), dev [1440,900]",E200,"device_generate_lock_screen_screenshot: authw <*>(<*>)[<*>, <*>, <*>, <*>] shield <*>(<*>), dev [<*>,<*>]"
1709,Jul,7,11:28:44,calvisitor-10-105-162-178,com.apple.xpc.launchd,1,com.apple.xpc.launchd.domain.pid.WebContent.37963,"Path not allowed in target domain: type = pid, path = /System/Library/StagedFrameworks/Safari/SafariShared.framework/Versions/A/XPCServices/com.apple.Safari.History.xpc/Contents/MacOS/com.apple.Safari.History error = 147: The specified service did not ship in the requestor's bundle, origin = /System/Library/StagedFrameworks/Safari/WebKit.framework/Versions/A/XPCServices/com.apple.WebKit.WebContent.xpc",E283,"Path not allowed in target domain: type = pid, path = <*> error = <*>: The specified service did not ship in the requestor's bundle, origin = <*>"
1887,Jul,7,21:23:11,calvisitor-10-105-160-85,com.apple.WebKit.WebContent,38826,,<<<< MediaValidator >>>> mv_ValidateRFC4281CodecId: Unrecognized codec 1.(null). Failed codec specific check.,E100,<<<< MediaValidator >>>> mv_<*>: Unrecognized codec <*>.(null). Failed codec specific check.
1593,Jul,7,00:24:41,calvisitor-10-105-162-178,com.apple.WebKit.Networking,9854,,CFNetwork SSLHandshake failed (-9802),E182,CFNetwork SSLHandshake failed (<*>)
1367,Jul,6,02:32:06,calvisitor-10-105-163-28,kernel,0,,BuildActDeviceEntry enter,E159,BuildActDeviceEntry enter
676,Jul,3,19:46:35,authorMacBook-Pro,kernel,0,,BuildActDeviceEntry enter,E159,BuildActDeviceEntry enter
613,Jul,3,17:10:11,calvisitor-10-105-160-184,kernel,0,,hibernate image path: /var/vm/sleepimage,E226,hibernate image path: <*>
613,Jul,3,17:10:11,calvisitor-10-105-160-184,kernel,0,,hibernate image path: /var/vm/sleepimage,E226,hibernate image path: <*>
1888,Jul,7,21:24:19,calvisitor-10-105-160-85,WindowServer,184,,CoreAnimation: timed out fence 5fe83,E192,CoreAnimation: timed out fence <*>
1282,Jul,5,16:24:30,authorMacBook-Pro,corecaptured,36150,,"doSaveChannels@286: Will write to: /Library/Logs/CrashReporter/CoreCapture/IOReporters/[2017-07-05_16,24,29.663045] - AuthFail:sts:5_rsn:0.xml",E204,doSaveChannels@<*>: Will write to: <*>
1458,Jul,6,12:30:59,calvisitor-10-105-162-178,kernel,0,,ARPT: 739420.595498: AirPort_Brcm43xx::syncPowerState: WWEN[enabled],E128,ARPT: <*>.<*>: AirPort_<*>::syncPowerState: WWEN[enabled]
1947,Jul,8,04:13:32,authorMacBook-Pro,kernel,0,,"USBMSC Identifier (non-unique): 000000000820 0x5ac 0x8406 0x820, 3",E331,USBMSC Identifier (non-unique): <*>
1421,Jul,6,11:21:02,calvisitor-10-105-163-253,kernel,0,,ARPT: 739017.747240: ARPT: Wake Reason: Wake on Scan offload,E131,ARPT: <*>.<*>: ARPT: Wake Reason: Wake on Scan offload
183,Jul,1,19:46:26,calvisitor-10-105-163-202,GoogleSoftwareUpdateAgent,31702,,"2017-07-01 19:46:26.133 GoogleSoftwareUpdateAgent[31702/0x7000002a0000] [lvl=2] -[KSAgentApp(KeystoneThread) runKeystonesInThreadWithArg:] Checking with local engine: <KSUpdateEngine:0x100259c60 ticketStore=<KSPersistentTicketStore:0x100253770 store=<KSKeyedPersistentStore:0x100254d10 path=""/Users/xpc/Library/Google/GoogleSoftwareUpdate/TicketStore/Keystone.ticketstore"" lockFile=<KSLockFile:0x100254d80 path=""/Users/xpc/Library/Google/GoogleSoftwareUpdate/TicketStore/Keystone.ticketstore.lock"" locked=NO > >> processor=<KSActionProcessor:0x100259e70 delegate=<KSUpdateEngine:0x100259c60> isProcessing=NO actionsCompleted=0 progress=0.00 errors=0 currentActionErrors=0 events=0 currentActionEvents=0 actionQueue=( ) > delegate=(null) serverInfoStore=<KSServerPrivateInfoStore:0x1002594d0 path=""/Users/xpc/Library/Google/GoogleSoftwareUpdate/Servers""> errors=0 >",E80,"<*>-<*>-<*> <*>:<*>:<*>.<*> GoogleSoftwareUpdateAgent[<*>/<*>] [lvl=<*>] -[KSAgentApp(KeystoneThread) runKeystonesInThreadWithArg:] Checking with local engine: <KSUpdateEngine:<*> ticketStore=<KSPersistentTicketStore:<*> store=<KSKeyedPersistentStore:<*> path=""<*>"" lockFile=<KSLockFile:<*> path=""<*>"" locked=NO > >> processor=<KSActionProcessor:<*> delegate=<KSUpdateEngine:<*>> isProcessing=NO actionsCompleted=<*> progress=<*>.<*> errors=<*> currentActionErrors=<*> events=<*> currentActionEvents=<*> actionQueue=( ) > delegate=(null) serverInfoStore=<KSServerPrivateInfoStore:<*> path=<*> errors=<*> >"
1379,Jul,6,03:53:08,calvisitor-10-105-160-37,kernel,0,,IOPolledFilePollersOpen(0) 6 ms,E251,IOPolledFilePollersOpen(<*>) <*> ms
331,Jul,2,20:50:47,calvisitor-10-105-163-202,ksfetch,32776,,2017-07-02 20:50:47.457 ksfetch[32776/0x7fff79824000] [lvl=2] KSHelperReceiveAllData() KSHelperTool read 1926 bytes from stdin.,E92,<*>-<*>-<*> <*>:<*>:<*>.<*> ksfetch[<*>/<*>] [lvl=<*>] KSHelperReceiveAllData() KSHelperTool read <*> bytes from stdin.
331,Jul,2,20:50:47,calvisitor-10-105-163-202,ksfetch,32776,,2017-07-02 20:50:47.457 ksfetch[32776/0x7fff79824000] [lvl=2] KSHelperReceiveAllData() KSHelperTool read 1926 bytes from stdin.,E92,<*>-<*>-<*> <*>:<*>:<*>.<*> ksfetch[<*>/<*>] [lvl=<*>] KSHelperReceiveAllData() KSHelperTool read <*> bytes from stdin.
1703,Jul,7,10:54:41,calvisitor-10-105-162-178,ksfetch,37925,,2017-07-07 10:54:41.296 ksfetch[37925/0x7fff79824000] [lvl=2] KSHelperReceiveAllData() KSHelperTool read 1926 bytes from stdin.,E92,<*>-<*>-<*> <*>:<*>:<*>.<*> ksfetch[<*>/<*>] [lvl=<*>] KSHelperReceiveAllData() KSHelperTool read <*> bytes from stdin.
308,Jul,2,18:40:46,calvisitor-10-105-163-202,kernel,0,,"ARPT: 661856.313502: wl0: MDNS: 0 SRV Recs, 0 TXT Recs",E140,"ARPT: <*>.<*>: wl0: MDNS: <*> SRV Recs, <*> TXT Recs"
1151,Jul,5,00:21:07,authorMacBook-Pro,Google Chrome,35628,,-_continuousScroll is deprecated for NSScrollWheel. Please use -hasPreciseScrollingDeltas.,E74,<*>-_continuousScroll is deprecated for NSScrollWheel. Please use -hasPreciseScrollingDeltas.
429,Jul,3,07:33:34,authorMacBook-Pro,sharingd,30299,,07:33:34.878 : BTLE scanning started,E65,<*>:<*>:<*>.<*> : BTLE scanning started
1141,Jul,5,00:03:36,calvisitor-10-105-162-105,sharingd,30299,,00:03:36.715 : BTLE scanning started,E65,<*>:<*>:<*>.<*> : BTLE scanning started
201,Jul,1,22:08:16,calvisitor-10-105-163-202,WindowServer,184,,"device_generate_desktop_screenshot: authw 0x7fa823c89600(2000), shield 0x7fa8258cac00(2001)",E199,"device_generate_desktop_screenshot: authw <*>(<*>), shield <*>(<*>)"
501,Jul,3,13:48:22,authorMacBook-Pro,configd,53,,"setting hostname to ""authorMacBook-Pro.local""",E311,"setting hostname to ""<*>"""
501,Jul,3,13:48:22,authorMacBook-Pro,configd,53,,"setting hostname to ""authorMacBook-Pro.local""",E311,"setting hostname to ""<*>"""
376,Jul,3,02:07:59,authorMacBook-Pro,hidd,98,,[HID] [MT] MTActuatorManagement::getActuatorRef Calling MTActuatorOpen() outside of MTTrackpadHIDManager.,E37,[HID] [MT] MTActuatorManagement::getActuatorRef Calling MTActuatorOpen() outside of MTTrackpadHIDManager.
1574,Jul,6,20:46:03,calvisitor-10-105-162-178,GoogleSoftwareUpdateAgent,37316,,"2017-07-06 20:46:03.869 GoogleSoftwareUpdateAgent[37316/0x7000002a0000] [lvl=2] -[KSOutOfProcessFetcher beginFetchWithDelegate:] KSOutOfProcessFetcher start fetch from URL: ""https://tools.google.com/service/update2?cup2hreq=5e15fbe422c816bef7c133cfffdb516e16923579b9be2dfae4d7d8d211b25017&cup2key=7:780377214""",E84,"<*>-<*>-<*> <*>:<*>:<*>.<*> GoogleSoftwareUpdateAgent[<*>/<*>] [lvl=<*>] -[KSOutOfProcessFetcher beginFetchWithDelegate:] KSOutOfProcessFetcher start fetch from URL: ""<*>"""
1574,Jul,6,20:46:03,calvisitor-10-105-162-178,GoogleSoftwareUpdateAgent,37316,,"2017-07-06 20:46:03.869 GoogleSoftwareUpdateAgent[37316/0x7000002a0000] [lvl=2] -[KSOutOfProcessFetcher beginFetchWithDelegate:] KSOutOfProcessFetcher start fetch from URL: ""https://tools.google.com/service/update2?cup2hreq=5e15fbe422c816bef7c133cfffdb516e16923579b9be2dfae4d7d8d211b25017&cup2key=7:780377214""",E84,"<*>-<*>-<*> <*>:<*>:<*>.<*> GoogleSoftwareUpdateAgent[<*>/<*>] [lvl=<*>] -[KSOutOfProcessFetcher beginFetchWithDelegate:] KSOutOfProcessFetcher start fetch from URL: ""<*>"""
970,Jul,4,17:00:00,calvisitor-10-105-162-105,kernel,0,,kern_open_file_for_direct_io took 6 ms,E254,kern_open_file_for_direct_io took <*> ms
1726,Jul,7,12:20:41,calvisitor-10-105-162-178,AddressBookSourceSync,38055,,-[SOAPParser:0x7f84bad89660 parser:didStartElement:namespaceURI:qualifiedName:attributes:] Type not found in EWSItemType for ExchangePersonIdGuid (t:ExchangePersonIdGuid),E47,-[SOAPParser:<*> parser:didStartElement:namespaceURI:qualifiedName:attributes:] Type not found in EWSItemType for ExchangePersonIdGuid (t:ExchangePersonIdGuid)
932,Jul,4,12:35:33,calvisitor-10-105-162-105,AddressBookSourceSync,34888,,-[SOAPParser:0x7fc7025b2810 parser:didStartElement:namespaceURI:qualifiedName:attributes:] Type not found in EWSItemType for ExchangePersonIdGuid (t:ExchangePersonIdGuid),E47,-[SOAPParser:<*> parser:didStartElement:namespaceURI:qualifiedName:attributes:] Type not found in EWSItemType for ExchangePersonIdGuid (t:ExchangePersonIdGuid)
683,Jul,3,20:25:13,calvisitor-10-105-161-225,GoogleSoftwareUpdateAgent,33847,,2017-07-03 20:25:13.378 GoogleSoftwareUpdateAgent[33847/0x7000002a0000] [lvl=2] -[KSUpdateCheckAction performAction] KSUpdateCheckAction starting update check for ticket(s): {( <KSTicket:0x10053b310 productID=com.google.Keystone version=1.2.8.57 xc=<KSPathExistenceChecker:0x10053ac30 path=/Users/xpc/Library/Google/GoogleSoftwareUpdate/GoogleSoftwareUpdate.bundle> url=https://tools.google.com/service/update2 creationDate=2017-02-18 15:41:17 ticketVersion=1 > )} Using server: <KSOmahaServer:0x100248090 engine=<KSUpdateEngine:0x1007249c0> >,E89,<*>-<*>-<*> <*>:<*>:<*>.<*> GoogleSoftwareUpdateAgent[<*>/<*>] [lvl=<*>] -[KSUpdateCheckAction performAction] KSUpdateCheckAction starting update check for ticket(s): {( <KSTicket:<*> productID=<*> version=<*> xc=<KSPathExistenceChecker:<*> path=<*> url=<*> creationDate=<*>-<*>-<*> <*>:<*>:<*> ticketVersion=<*> > )} Using server: <KSOmahaServer:<*> engine=<KSUpdateEngine:<*>> >
683,Jul,3,20:25:13,calvisitor-10-105-161-225,GoogleSoftwareUpdateAgent,33847,,2017-07-03 20:25:13.378 GoogleSoftwareUpdateAgent[33847/0x7000002a0000] [lvl=2] -[KSUpdateCheckAction performAction] KSUpdateCheckAction starting update check for ticket(s): {( <KSTicket:0x10053b310 productID=com.google.Keystone version=1.2.8.57 xc=<KSPathExistenceChecker:0x10053ac30 path=/Users/xpc/Library/Google/GoogleSoftwareUpdate/GoogleSoftwareUpdate.bundle> url=https://tools.google.com/service/update2 creationDate=2017-02-18 15:41:17 ticketVersion=1 > )} Using server: <KSOmahaServer:0x100248090 engine=<KSUpdateEngine:0x1007249c0> >,E89,<*>-<*>-<*> <*>:<*>:<*>.<*> GoogleSoftwareUpdateAgent[<*>/<*>] [lvl=<*>] -[KSUpdateCheckAction performAction] KSUpdateCheckAction starting update check for ticket(s): {( <KSTicket:<*> productID=<*> version=<*> xc=<KSPathExistenceChecker:<*> path=<*> url=<*> creationDate=<*>-<*>-<*> <*>:<*>:<*> ticketVersion=<*> > )} Using server: <KSOmahaServer:<*> engine=<KSUpdateEngine:<*>> >
175,Jul,1,15:05:42,calvisitor-10-105-160-95,kernel,0,,PMStats: Hibernate read took 197 ms,E291,PMStats: Hibernate read took <*> ms
1866,Jul,7,19:43:09,calvisitor-10-105-160-85,CalendarAgent,279,,[com.apple.calendar.store.log.caldav.coredav] [Refusing to parse response to PROPPATCH because of content-type: [text/html; charset=UTF-8].],E28,[com.apple.calendar.store.log.caldav.coredav] [Refusing to parse response to PROPPATCH because of content-type: [text/html; charset=UTF-<*>].]
1866,Jul,7,19:43:09,calvisitor-10-105-160-85,CalendarAgent,279,,[com.apple.calendar.store.log.caldav.coredav] [Refusing to parse response to PROPPATCH because of content-type: [text/html; charset=UTF-8].],E28,[com.apple.calendar.store.log.caldav.coredav] [Refusing to parse response to PROPPATCH because of content-type: [text/html; charset=UTF-<*>].]
1921,Jul,8,01:51:50,authorMacBook-Pro,mDNSResponder,91,,mDNS_RegisterInterface: Frequent transitions for interface en0 (FE80:0000:0000:0000:C6B3:01FF:FECD:467F),E263,mDNS_RegisterInterface: Frequent transitions for interface en0 (<*>)
392,Jul,3,03:56:18,authorMacBook-Pro,mDNSResponder,91,,mDNS_DeregisterInterface: Frequent transitions for interface en0 (10.142.110.44),E261,mDNS_DeregisterInterface: Frequent transitions for interface en0 (<*>)
630,Jul,3,17:37:47,calvisitor-10-105-160-184,kernel,0,,**** [IOBluetoothFamily][ProcessBluetoothTransportShowsUpActionWL] -- Connected to the transport successfully -- 0x5fd0 -- 0x9a00 -- 0x6800 ****,E7,**** [IOBluetoothFamily][ProcessBluetoothTransportShowsUpActionWL] -- Connected to the transport successfully -- <*> -- <*> -- <*> ****
924,Jul,4,12:22:18,calvisitor-10-105-162-105,UserEventAgent,43,,extension com.apple.ncplugin.WorldClock -> (null),E215,extension com.apple.ncplugin.WorldClock -> (null)
629,Jul,3,17:37:47,calvisitor-10-105-160-184,kernel,0,,**** [IOBluetoothFamily][ProcessBluetoothTransportShowsUpActionWL] -- calling IOBluetoothFamily's registerService() -- 0x5fd0 -- 0x9a00 -- 0x6800 ****,E6,**** [IOBluetoothFamily][ProcessBluetoothTransportShowsUpActionWL] -- calling IOBluetoothFamily's registerService() -- <*> -- <*> -- <*> ****
1418,Jul,6,11:07:29,calvisitor-10-105-163-253,sharingd,30299,,11:07:29.673 : Purged contact hashes,E69,<*>:<*>:<*>.<*> : Purged contact hashes
640,Jul,3,18:35:06,calvisitor-10-105-162-32,kernel,0,,"ARPT: 683604.474196: IOPMPowerSource Information: onSleep,  SleepType: Standby,  'ExternalConnected': No, 'TimeRemaining': 578,",E136,"ARPT: <*>.<*>: IOPMPowerSource Information: onSleep,  SleepType: Standby,  'ExternalConnected': No, 'TimeRemaining': <*>,"
1219,Jul,5,12:00:39,calvisitor-10-105-160-226,identityservicesd,272,,<IMMacNotificationCenterManager: 0x7ff1b2e00ba0>:   DND Enabled: NO,E103,<IMMacNotificationCenterManager: <*>>:   DND Enabled: NO
1216,Jul,5,11:42:53,calvisitor-10-105-160-226,identityservicesd,272,,<IMMacNotificationCenterManager: 0x7ff1b2d17980>:   DND Enabled: NO,E103,<IMMacNotificationCenterManager: <*>>:   DND Enabled: NO
1671,Jul,7,07:59:26,calvisitor-10-105-162-178,kernel,0,,AppleThunderboltNHIType2::prePCIWake - power up complete - took 1 us,E57,<*>::prePCIWake - power up complete - took <*> us
818,Jul,4,07:23:47,calvisitor-10-105-162-105,kernel,0,,en0: Supported channels 1 2 3 4 5 6 7 8 9 10 11 12 13 36 40 44 48 52 56 60 64 100 104 108 112 116 120 124 128 132 136 140 144 149 153 157 161 165,E210,en0: Supported channels <*>
830,Jul,4,08:20:51,calvisitor-10-105-162-105,kernel,0,,en0: Supported channels 1 2 3 4 5 6 7 8 9 10 11 12 13 36 40 44 48 52 56 60 64 100 104 108 112 116 120 124 128 132 136 140 144 149 153 157 161,E210,en0: Supported channels <*>
802,Jul,4,06:53:41,calvisitor-10-105-162-105,kernel,0,,"ARPT: 699456.025397: wl0: setup_keepalive: Local port: 63572, Remote port: 443",E146,"ARPT: <*>.<*>: wl0: setup_keepalive: Local port: <*>, Remote port: <*>"
802,Jul,4,06:53:41,calvisitor-10-105-162-105,kernel,0,,"ARPT: 699456.025397: wl0: setup_keepalive: Local port: 63572, Remote port: 443",E146,"ARPT: <*>.<*>: wl0: setup_keepalive: Local port: <*>, Remote port: <*>"
619,Jul,3,17:23:55,calvisitor-10-105-160-184,kernel,0,,hibernate_machine_init reading,E230,hibernate_machine_init reading
1836,Jul,7,18:02:24,calvisitor-10-105-160-85,kernel,0,,RTC: PowerByCalendarDate setting ignored,E296,RTC: PowerByCalendarDate setting ignored
1428,Jul,6,12:00:53,authorMacBook-Pro,CalendarAgent,279,,[com.apple.calendar.store.log.caldav.queue] [Adding [<CalDAVAccountRefreshQueueableOperation: 0x7fa11d67f3b0; Sequence: 0>] to failed operations.],E31,[com.apple.calendar.store.log.caldav.queue] [Adding [<CalDAVAccountRefreshQueueableOperation: <*>; Sequence: <*>>] to failed operations.]
1399,Jul,6,08:35:08,calvisitor-10-105-163-253,corecaptured,36565,,Got an XPC error: Connection invalid,E223,Got an XPC error: Connection invalid
1399,Jul,6,08:35:08,calvisitor-10-105-163-253,corecaptured,36565,,Got an XPC error: Connection invalid,E223,Got an XPC error: Connection invalid
1252,Jul,5,14:56:14,authorMacBook-Pro,symptomsd,215,,__73-[NetworkAnalyticsEngine observeValueForKeyPath:ofObject:change:context:]_block_invoke unexpected switch value 2,E50,__<*>-[NetworkAnalyticsEngine observeValueForKeyPath:ofObject:change:context:]_block_invoke unexpected switch value <*>
1459,Jul,6,12:31:58,calvisitor-10-105-162-178,kernel,0,,ARPT: 739481.576701: wl0: MDNS: IPV6 Addr: 2607:f140:6000:8:c6b3:1ff:fecd:467f,E142,ARPT: <*>.<*>: wl0: MDNS: IPV6 Addr: <*>
1226,Jul,5,12:50:34,calvisitor-10-105-160-226,kernel,0,,ARPT: 724509.898718: wl0: MDNS: IPV4 Addr: 10.105.160.226,E141,ARPT: <*>.<*>: wl0: MDNS: IPV4 Addr: <*>
1388,Jul,6,05:04:00,calvisitor-10-105-163-168,kernel,0,,[IOBluetoothHostController::setConfigState] calling registerService,E39,[IOBluetoothHostController::setConfigState] calling registerService
1487,Jul,6,14:57:16,calvisitor-10-105-162-178,GoogleSoftwareUpdateAgent,37059,,2017-07-06 14:57:16.667 GoogleSoftwareUpdateAgent[37059/0x7000002a0000] [lvl=2] -[KSAgentApp(KeystoneDelegate) updateEngineFinishedWithErrors:] Keystone finished: errors=0,E78,<*>-<*>-<*> <*>:<*>:<*>.<*> GoogleSoftwareUpdateAgent[<*>/<*>] [lvl=<*>] -[KSAgentApp(KeystoneDelegate) updateEngineFinishedWithErrors:] Keystone finished: errors=<*>
1383,Jul,6,04:33:35,calvisitor-10-105-160-37,kernel,0,,hibernate_teardown completed - discarded 93932,E240,hibernate_teardown completed - discarded <*>
1708,Jul,7,11:28:11,calvisitor-10-105-162-178,com.apple.ncplugin.weather,37956,,Error in CoreDragRemoveTrackingHandler: -1856,E213,Error in CoreDragRemoveTrackingHandler: <*>
1708,Jul,7,11:28:11,calvisitor-10-105-162-178,com.apple.ncplugin.weather,37956,,Error in CoreDragRemoveTrackingHandler: -1856,E213,Error in CoreDragRemoveTrackingHandler: <*>
768,Jul,4,04:51:41,airbears2-10-142-110-255,kernel,0,,ARPT: 698898.741521: AirPort_Brcm43xx::powerChange: System Wake - Full Wake/ Dark Wake / Maintenance wake,E127,ARPT: <*>.<*>: AirPort_<*>::powerChange: System Wake - Full Wake/ Dark Wake / Maintenance wake
1372,Jul,6,03:12:38,calvisitor-10-105-160-37,kernel,0,,"hibernate_alloc_pages act 107794, inact 10088, anon 460, throt 0, spec 58021, wire 572831, wireinit 39927",E227,"hibernate_alloc_pages act <*>, inact <*>, anon <*>, throt <*>, spec <*>, wire <*>, wireinit <*>"
648,Jul,3,18:56:33,calvisitor-10-105-162-32,QQ,10018,,button report: 0x80039B7,E161,button report: <*>
614,Jul,3,17:10:11,calvisitor-10-105-160-184,kernel,0,,hibernate_flush_memory: buffer_cache_gc freed up 13202 wired pages,E228,hibernate_flush_memory: buffer_cache_gc freed up <*> wired pages
1128,Jul,4,23:22:09,calvisitor-10-105-162-105,Microsoft Word,14463,,.sdef warning for argument '' of command 'can continue previous list' in suite 'Microsoft Word Suite': '4023' is not a valid type name.,E9,.sdef warning for argument '' of command 'can continue previous list' in suite 'Microsoft Word Suite': '<*>' is not a valid type name.
974,Jul,4,17:13:38,calvisitor-10-105-162-105,kernel,0,,"ARPT: 711749.913729: IOPMPowerSource Information: onSleep,  SleepType: Normal Sleep,  'ExternalConnected': Yes, 'TimeRemaining': 0,",E135,"ARPT: <*>.<*>: IOPMPowerSource Information: onSleep,  SleepType: Normal Sleep,  'ExternalConnected': Yes, 'TimeRemaining': <*>,"
220,Jul,2,02:32:17,calvisitor-10-105-163-202,kernel,0,,hibernate_page_list_setall found pageCount 448015,E233,hibernate_page_list_setall found pageCount <*>
848,Jul,4,09:01:47,authorMacBook-Pro,kernel,0,,Sandbox: QQ(10018) deny(1) mach-lookup com.apple.networking.captivenetworksupport,E299,Sandbox: <*>(<*>) deny(<*>) mach-lookup <*>
342,Jul,2,22:24:15,authorMacBook-Pro,kernel,0,,Sandbox: QQ(10018) deny(1) mach-lookup com.apple.networking.captivenetworksupport,E299,Sandbox: <*>(<*>) deny(<*>) mach-lookup <*>
699,Jul,3,21:30:50,authorMacBook-Pro,kernel,0,,Sandbox: QQ(10018) deny(1) mach-lookup com.apple.networking.captivenetworksupport,E299,Sandbox: <*>(<*>) deny(<*>) mach-lookup <*>
1292,Jul,5,16:58:39,airbears2-10-142-108-38,kernel,0,,ARPT: 728046.456828: wl0: setup_keepalive: Local IP: 10.142.108.38,E145,ARPT: <*>.<*>: wl0: setup_keepalive: Local IP: <*>
1592,Jul,7,00:12:09,calvisitor-10-105-162-178,SpotlightNetHelper,352,,tcp_connection_destination_handle_tls_close_notify 111 closing socket due to TLS CLOSE_NOTIFY alert,E315,tcp_connection_destination_handle_tls_close_notify <*> closing socket due to TLS CLOSE_NOTIFY alert
607,Jul,3,16:36:40,calvisitor-10-105-160-184,AddressBookSourceSync,33594,,"[CardDAVPlugin-ERROR] -getPrincipalInfo:[_controller supportsRequestCompressionAtURL:https://13957525385%40163.com@p28-contacts.icloud.com/874161398/principal/] Error Domain=NSURLErrorDomain Code=-1001 ""The request timed out."" UserInfo={NSUnderlyingError=0x7f9af3646900 {Error Domain=kCFErrorDomainCFNetwork Code=-1001 ""The request timed out."" UserInfo={NSErrorFailingURLStringKey=https://13957525385%40163.com@p28-contacts.icloud.com/874161398/principal/, NSErrorFailingURLKey=https://13957525385%40163.com@p28-contacts.icloud.com/874161398/principal/, _kCFStreamErrorCodeKey=-2102, _kCFStreamErrorDomainKey=4, NSLocalizedDescription=The request timed out.}}, NSErrorFailingURLStringKey=https://13957525385%40163.com@p28-contacts.icloud.com/874161398/principal/, NSErrorFailingURLKey=https://13957525385%40163.com@p28-contacts.icloud.com/874161398/principal/, _kCFStreamErrorDomainKey=4, _kCFStreamErrorCodeKey=-2102, NSLocalizedDescription=The request timed out.}",E27,"[CardDAVPlugin-ERROR] -getPrincipalInfo:[_controller supportsRequestCompressionAtURL:<*>] Error Domain=NSURLErrorDomain Code=<*> ""The request timed out."" UserInfo={NSUnderlyingError=<*> {Error Domain=kCFErrorDomainCFNetwork Code=<*> ""The request timed out."" UserInfo={NSErrorFailingURLStringKey=<*>, NSErrorFailingURLKey=<*>, _kCFStreamErrorCodeKey=<*>, _kCFStreamErrorDomainKey=<*>, NSLocalizedDescription=The request timed out.}}, NSErrorFailingURLStringKey=<*>, NSErrorFailingURLKey=<*>, _kCFStreamErrorDomainKey=<*>, _kCFStreamErrorCodeKey=<*>, NSLocalizedDescription=The request timed out.}"
402,Jul,3,05:19:07,authorMacBook-Pro,kernel,0,,"ARPT: 672663.206073: wl0: wl_update_tcpkeep_seq: Original Seq: 2185760336, Ack: 2085655440, Win size: 4096",E149,"ARPT: <*>.<*>: wl0: wl_update_tcpkeep_seq: Original Seq: <*>, Ack: <*>, Win size: <*>"
32,Jul,1,09:28:41,authorMacBook-Pro,netbiosd,31198,,"network_reachability_changed : network is not reachable, netbiosd is shutting down",E272,"network_reachability_changed : network is not reachable, netbiosd is shutting down"
1002,Jul,4,19:43:56,calvisitor-10-105-162-105,kernel,0,,"Opened file /var/log/SleepWakeStacks.bin, size 172032, extents 1, maxio 2000000 ssd 1",E280,"Opened file <*>, size <*>, extents <*>, maxio <*> ssd <*>"
1483,Jul,6,14:56:48,calvisitor-10-105-162-178,kernel,0,,"RTC: Maintenance 2017/7/6 21:56:47, sleep 2017/7/6 21:44:10",E295,"RTC: Maintenance <*>/<*>/<*> <*>:<*>:<*>, sleep <*>/<*>/<*> <*>:<*>:<*>"
1410,Jul,6,10:12:58,calvisitor-10-105-163-253,ChromeExistion,36773,,ChromeExistion main isUndetectWithCommand = 1,E186,ChromeExistion main isUndetectWithCommand = <*>
1415,Jul,6,10:52:20,calvisitor-10-105-163-253,ChromeExistion,36846,,ChromeExistion main isUndetectWithCommand = 1,E186,ChromeExistion main isUndetectWithCommand = <*>
1874,Jul,7,20:39:28,calvisitor-10-105-160-85,com.apple.WebKit.Networking,9854,,"NSURLSession/NSURLConnection HTTP load failed (kCFStreamErrorDomainSSL, -9806)",E275,"NSURLSession/NSURLConnection HTTP load failed (kCFStreamErrorDomainSSL, <*>)"
1874,Jul,7,20:39:28,calvisitor-10-105-160-85,com.apple.WebKit.Networking,9854,,"NSURLSession/NSURLConnection HTTP load failed (kCFStreamErrorDomainSSL, -9806)",E275,"NSURLSession/NSURLConnection HTTP load failed (kCFStreamErrorDomainSSL, <*>)"
198,Jul,1,21:24:38,calvisitor-10-105-163-202,iconservicesagent,328,,-[ISGenerateImageOp generateImageWithCompletion:] Failed to composit image for descriptor <ISBindingImageDescriptor: 0x7f9951005740>.,E40,-[ISGenerateImageOp generateImageWithCompletion:] Failed to composit image for descriptor <ISBindingImageDescriptor: <*>>.
1545,Jul,6,19:17:46,calvisitor-10-105-162-178,kernel,0,,ARPT: 744472.877165: AirPort_Brcm43xx::platformWoWEnable: WWEN[disable],E124,ARPT: <*>.<*>: AirPort_<*>::platformWoWEnable: WWEN[disable]
91,Jul,1,10:47:08,calvisitor-10-105-160-95,sandboxd,129,[31382],com.apple.Addres(31382) deny network-outbound /private/var/run/mDNSResponder,E52,<*>(<*>) deny network-outbound /private/var/run/mDNSResponder
557,Jul,3,16:07:33,authorMacBook-Pro,configd,53,,network changed: v6(en0-:2607:f140:6000:8:d8d1:d506:6046:43e4) DNS- Proxy-,E265,network changed: <*>(<*>) DNS- Proxy-
1257,Jul,5,15:40:14,calvisitor-10-105-162-98,BezelServices 255.10,94,,ASSERTION FAILED: dvcAddrRef != ((void *)0) -[DriverServices getDeviceAddress:] line: 2789,E155,ASSERTION FAILED: dvcAddrRef != ((void *)<*>) -[DriverServices getDeviceAddress:] line: <*>
248,Jul,2,13:05:38,calvisitor-10-105-163-202,kernel,0,,TBT W (2): 0x0040 [x],E314,TBT W (<*>): <*> [x]
1346,Jul,5,23:50:09,calvisitor-10-105-160-22,kernel,0,,AppleActuatorHIDEventDriver: stop,E118,AppleActuatorHIDEventDriver: stop
1586,Jul,6,23:33:20,calvisitor-10-105-162-178,Preview,11512,,"Page bounds {{0, 0}, {400, 400}}",E281,"Page bounds {{<*>, <*>}, {<*>, <*>}}"
561,Jul,3,16:07:39,authorMacBook-Pro,kernel,0,,ARPT: 682833.053879: framerdy 0x0 bmccmd 3 framecnt 1024,E133,ARPT: <*>.<*>: framerdy <*> bmccmd <*> framecnt <*>
586,Jul,3,16:27:09,authorMacBook-Pro,kernel,0,,ARPT: 682977.654133: wlc_dump_aggfifo:,E151,ARPT: <*>.<*>: wlc_dump_aggfifo:
1446,Jul,6,12:03:12,authorMacBook-Pro,kernel,0,,ARPT: 739253.582611: wlc_dump_aggfifo:,E151,ARPT: <*>.<*>: wlc_dump_aggfifo:
1805,Jul,7,16:04:15,calvisitor-10-105-160-205,kernel,0,,en0: channel changed to 1,E208,en0: channel changed to <*>
679,Jul,3,19:55:30,calvisitor-10-105-161-225,kernel,0,,"en0: channel changed to 132,+1",E208,en0: channel changed to <*>
1971,Jul,8,05:51:55,calvisitor-10-105-162-124,kernel,0,,hibernate_teardown_pmap_structs done: last_valid_compact_indx 315096,E242,hibernate_teardown_pmap_structs done: last_valid_compact_indx <*>
448,Jul,3,09:21:24,authorMacBook-Pro,kernel,0,,hibernate_teardown_pmap_structs done: last_valid_compact_indx 282563,E242,hibernate_teardown_pmap_structs done: last_valid_compact_indx <*>
1206,Jul,5,10:58:44,calvisitor-10-105-160-179,kernel,0,,"Setting BTCoex Config: enable_2G:1, profile_2g:0, enable_5G:1, profile_5G:0",E310,"Setting BTCoex Config: enable_<*>:<*>, profile_<*>:<*>, enable_<*>:<*>, profile_<*>:<*>"
875,Jul,4,10:29:35,calvisitor-10-105-162-105,kernel,0,,"Setting BTCoex Config: enable_2G:1, profile_2g:0, enable_5G:1, profile_5G:0",E310,"Setting BTCoex Config: enable_<*>:<*>, profile_<*>:<*>, enable_<*>:<*>, profile_<*>:<*>"
1378,Jul,6,03:53:08,calvisitor-10-105-160-37,kernel,0,,hibernate_page_list_setall time: 603 ms,E234,hibernate_page_list_setall time: <*> ms
1378,Jul,6,03:53:08,calvisitor-10-105-160-37,kernel,0,,hibernate_page_list_setall time: 603 ms,E234,hibernate_page_list_setall time: <*> ms
817,Jul,4,07:23:47,authorMacBook-Pro,configd,53,,network changed: DNS*,E268,network changed: DNS*
1404,Jul,6,09:24:14,calvisitor-10-105-163-253,ksfetch,36728,,2017-07-06 09:24:14.417 ksfetch[36728/0x7fff79824000] [lvl=2] main() ksfetch fetching URL (<NSMutableURLRequest: 0x100602220> { URL: https://tools.google.com/service/update2?cup2hreq=f5e83ec64ff3fc5533a3c206134a6517e274f9e1cb53df857e15049b6e4c9f8e&cup2key=7:1721929288 }) to folder:/tmp/KSOutOfProcessFetcher.aPWod5QMh1/download,E96,<*>-<*>-<*> <*>:<*>:<*>.<*> ksfetch[<*>/<*>] [lvl=<*>] main() ksfetch fetching URL (<NSMutableURLRequest: <*>> { URL: <*> }) to folder:<*>
271,Jul,2,15:46:41,calvisitor-10-105-163-202,ksfetch,32435,,2017-07-02 15:46:41.445 ksfetch[32435/0x7fff79824000] [lvl=2] main() ksfetch fetching URL (<NSMutableURLRequest: 0x1005110b0> { URL: https://tools.google.com/service/update2?cup2hreq=53f725cf03f511fab16f19e789ce64aa1eed72395fc246e9f1100748325002f4&cup2key=7:1132320327 }) to folder:/tmp/KSOutOfProcessFetcher.YH2CjY1tnx/download,E96,<*>-<*>-<*> <*>:<*>:<*>.<*> ksfetch[<*>/<*>] [lvl=<*>] main() ksfetch fetching URL (<NSMutableURLRequest: <*>> { URL: <*> }) to folder:<*>
1159,Jul,5,00:53:57,calvisitor-10-105-163-10,locationd,82,,"NETWORK: no response from server, reachability, 2, queryRetries, 2",E270,"NETWORK: no response from server, reachability, <*>, queryRetries, <*>"
135,Jul,1,11:53:49,authorMacBook-Pro,networkd,195,,-[NETClientConnection effectiveBundleID] using process name apsd as bundle ID (this is expected for daemons without bundle ID,E41,-[NETClientConnection effectiveBundleID] using process name apsd as bundle ID (this is expected for daemons without bundle ID
1417,Jul,6,10:53:30,calvisitor-10-105-163-253,ChromeExistion,36855,,the url = http://baike.baidu.com/item/%E8%93%9D%E9%87%87%E5%92%8C/462624?fr=aladdin,E322,the url = <*>
602,Jul,3,16:29:09,calvisitor-10-105-160-184,corecaptured,33544,,CCIOReporterFormatter::refreshSubscriptionsFromStreamRegistry clearing out any previous subscriptions,E176,CCIOReporterFormatter::refreshSubscriptionsFromStreamRegistry clearing out any previous subscriptions
459,Jul,3,10:28:07,authorMacBook-Pro,pkd,324,,enabling pid=30298 for plug-in com.apple.ncplugin.weather(1.0) 131FE7ED-87F7-471D-8797-C11107688DF7 /System/Library/CoreServices/Weather.app/Contents/PlugIns/com.apple.ncplugin.weather.appex,E211,enabling pid=<*> for plug-in com.apple.ncplugin.weather(<*>.<*>) <*>-<*>-<*>-<*>-<*> <*>
459,Jul,3,10:28:07,authorMacBook-Pro,pkd,324,,enabling pid=30298 for plug-in com.apple.ncplugin.weather(1.0) 131FE7ED-87F7-471D-8797-C11107688DF7 /System/Library/CoreServices/Weather.app/Contents/PlugIns/com.apple.ncplugin.weather.appex,E211,enabling pid=<*> for plug-in com.apple.ncplugin.weather(<*>.<*>) <*>-<*>-<*>-<*>-<*> <*>
1235,Jul,5,14:04:19,authorMacBook-Pro,corecaptured,36034,,CCFile::captureLog,E167,CCFile::captureLog
1892,Jul,7,21:31:11,calvisitor-10-105-160-85,garcon,38866,,Failed to connect (view) outlet from (NSApplication) to (NSColorPickerGridView): missing setter or instance variable,E218,Failed to connect (view) outlet from (NSApplication) to (NSColorPickerGridView): missing setter or instance variable
1214,Jul,5,11:42:05,calvisitor-10-105-160-226,Mail,11203,,tcp_connection_destination_perform_socket_connect 44073 connectx to 123.125.50.30:143@0 failed: [50] Network is down,E316,tcp_connection_destination_perform_socket_connect <*> connectx to <*>:<*>@<*> failed: [<*>] Network is down
192,Jul,1,21:10:19,calvisitor-10-105-163-202,Preview,11512,,WARNING: Type1 font data isn't in the correct format required by the Adobe Type 1 Font Format specification.,E341,WARNING: Type1 font data isn't in the correct format required by the Adobe Type <*> Font Format specification.
192,Jul,1,21:10:19,calvisitor-10-105-163-202,Preview,11512,,WARNING: Type1 font data isn't in the correct format required by the Adobe Type 1 Font Format specification.,E341,WARNING: Type1 font data isn't in the correct format required by the Adobe Type <*> Font Format specification.
1466,Jul,6,14:08:48,authorMacBook-Pro,kernel,0,,hibernate_rebuild started,E237,hibernate_rebuild started
1584,Jul,6,23:00:45,calvisitor-10-105-162-178,Safari,9852,,KeychainGetICDPStatus: keychain: -25300,E256,KeychainGetICDPStatus: keychain: <*>
1891,Jul,7,21:30:12,calvisitor-10-105-160-85,Safari,9852,,KeychainGetICDPStatus: keychain: -25300,E256,KeychainGetICDPStatus: keychain: <*>
1596,Jul,7,00:30:06,calvisitor-10-105-162-178,syslogd,44,,"Configuration Notice: ASL Module ""com.apple.authkit.osx.asl"" sharing output destination ""/var/log/Accounts"" with ASL Module ""com.apple.Accounts"". Output parameters from ASL Module ""com.apple.Accounts"" override any specified in ASL Module ""com.apple.authkit.osx.asl"".",E191,"Configuration Notice: ASL Module ""com.apple.authkit.osx.asl"" sharing output destination ""/var/log/Accounts"" with ASL Module ""com.apple.Accounts"". Output parameters from ASL Module ""com.apple.Accounts"" override any specified in ASL Module ""com.apple.authkit.osx.asl""."
166,Jul,1,14:01:24,calvisitor-10-105-160-95,kernel,0,,"ARPT: 627305.613279: wl0: setup_keepalive: Seq: 1664112163, Ack: 818851215, Win size: 4096",E148,"ARPT: <*>.<*>: wl0: setup_keepalive: Seq: <*>, Ack: <*>, Win size: <*>"
1945,Jul,8,04:13:32,calvisitor-10-105-162-228,blued,85,,Host controller terminated,E244,Host controller terminated
1945,Jul,8,04:13:32,calvisitor-10-105-162-228,blued,85,,Host controller terminated,E244,Host controller terminated
1865,Jul,7,19:43:07,calvisitor-10-105-160-85,kernel,0,,full wake promotion (reason 1) 374 ms,E220,full wake promotion (reason <*>) <*> ms
1300,Jul,5,17:22:56,calvisitor-10-105-163-9,configd,53,,"setting hostname to ""calvisitor-10-105-163-9.calvisitor.1918.berkeley.edu""",E311,"setting hostname to ""<*>"""
1587,Jul,6,23:33:55,calvisitor-10-105-162-178,SpotlightNetHelper,352,,"CFPasteboardRef CFPasteboardCreate(CFAllocatorRef, CFStringRef) : failed to create global data",E183,"CFPasteboardRef CFPasteboardCreate(CFAllocatorRef, CFStringRef) : failed to create global data"
471,Jul,3,11:48:35,authorMacBook-Pro,com.apple.WebKit.WebContent,32778,,[11:48:35.539] <<<< Boss >>>> figPlaybackBossPrerollCompleted: unexpected preroll-complete notification,E12,[<*>:<*>:<*>.<*>] <<<< Boss >>>> figPlaybackBossPrerollCompleted: unexpected preroll-complete notification
1780,Jul,7,13:48:29,authorMacBook-Pro,cdpd,11807,,Saw change in network reachability (isReachable=2),E301,Saw change in network reachability (isReachable=<*>)
1948,Jul,8,04:13:39,authorMacBook-Pro,UserEventAgent,43,,Captive: CNPluginHandler en0: Evaluating,E164,Captive: CNPluginHandler en0: Evaluating
341,Jul,2,22:24:14,authorMacBook-Pro,UserEventAgent,43,,Captive: CNPluginHandler en0: Evaluating,E164,Captive: CNPluginHandler en0: Evaluating
