LineId,Label,Timestamp,Date,User,Month,Day,Time,Location,Component,PID,Content,EventId,EventTemplate
1512,-,1131567060,2005.11.09,tbird-admin1,Nov,9,12:11:00,local@tbird-admin1,xinetd,1798.0,removing klogin,E106,removing <*>
1512,-,1131567060,2005.11.09,tbird-admin1,Nov,9,12:11:00,local@tbird-admin1,xinetd,1798.0,removing klogin,E106,removing <*>
1512,-,1131567060,2005.11.09,tbird-admin1,Nov,9,12:11:00,local@tbird-admin1,xinetd,1798.0,removing klogin,E106,removing <*>
1294,-,1131567043,2005.11.09,tbird-admin1,Nov,9,12:10:43,local@tbird-admin1,VFS,,Disk quotas dquot_6.5.1,E43,Disk quotas dquot_<*>.<*>.<*>
1294,-,1131567043,2005.11.09,tbird-admin1,Nov,9,12:10:43,local@tbird-admin1,VFS,,Disk quotas dquot_6.5.1,E43,Disk quotas dquot_<*>.<*>.<*>
1101,-,1131567001,2005.11.09,aadmin1,Nov,9,12:10:01,src@aadmin1,crond,16571.0,(root) CMD (/projects/tbird/temps/get_temps a),E2,(root) CMD (/projects/tbird/temps/get_temps <*>)
1109,-,1131567001,2005.11.09,eadmin1,Nov,9,12:10:01,src@eadmin1,crond,4310.0,(root) CMD (/projects/tbird/temps/get_temps e),E2,(root) CMD (/projects/tbird/temps/get_temps <*>)
1107,-,1131567001,2005.11.09,dadmin1,Nov,9,12:10:01,src@dadmin1,crond,24262.0,(root) CMD (/projects/tbird/temps/get_temps d),E2,(root) CMD (/projects/tbird/temps/get_temps <*>)
1325,-,1131567043,2005.11.09,tbird-admin1,Nov,9,12:10:43,local@tbird-admin1,md,,... autorun DONE.,E5,... autorun DONE.
1324,-,1131567043,2005.11.09,tbird-admin1,Nov,9,12:10:43,local@tbird-admin1,md,,... autorun DONE.,E5,... autorun DONE.
1325,-,1131567043,2005.11.09,tbird-admin1,Nov,9,12:10:43,local@tbird-admin1,md,,... autorun DONE.,E5,... autorun DONE.
1455,-,1131567054,2005.11.09,tbird-admin1,Nov,9,12:10:54,local@tbird-admin1,gmetad,,gmetad startup succeeded,E48,gmetad startup succeeded
1455,-,1131567054,2005.11.09,tbird-admin1,Nov,9,12:10:54,local@tbird-admin1,gmetad,,gmetad startup succeeded,E48,gmetad startup succeeded
1455,-,1131567054,2005.11.09,tbird-admin1,Nov,9,12:10:54,local@tbird-admin1,gmetad,,gmetad startup succeeded,E48,gmetad startup succeeded
1304,-,1131567043,2005.11.09,tbird-admin1,Nov,9,12:10:43,local@tbird-admin1,divert,,not allocating divert_blk for non-ethernet device lo,E77,not allocating divert_blk for non-ethernet device <*>
1304,-,1131567043,2005.11.09,tbird-admin1,Nov,9,12:10:43,local@tbird-admin1,divert,,not allocating divert_blk for non-ethernet device lo,E77,not allocating divert_blk for non-ethernet device <*>
1340,-,1131567043,2005.11.09,tbird-admin1,Nov,9,12:10:43,local@tbird-admin1,rpc.statd,1637.0,Version 1.0.6 Starting,E144,Version <*>.<*>.<*> Starting
1340,-,1131567043,2005.11.09,tbird-admin1,Nov,9,12:10:43,local@tbird-admin1,rpc.statd,1637.0,Version 1.0.6 Starting,E144,Version <*>.<*>.<*> Starting
1288,-,1131567043,2005.11.09,tbird-admin1,Nov,9,12:10:43,local@tbird-admin1,SELinux,,Registering netfilter hooks,E104,Registering netfilter hooks
1288,-,1131567043,2005.11.09,tbird-admin1,Nov,9,12:10:43,local@tbird-admin1,SELinux,,Registering netfilter hooks,E104,Registering netfilter hooks
1254,-,1131567043,2005.11.09,tbird-admin1,Nov,9,12:10:43,local@tbird-admin1,CPU,,Physical Processor ID: 0,E88,Physical Processor ID: <*>
1257,-,1131567043,2005.11.09,tbird-admin1,Nov,9,12:10:43,local@tbird-admin1,CPU,,Physical Processor ID: 3,E88,Physical Processor ID: <*>
459,-,1131566665,2005.11.09,tbird-admin1,Nov,9,12:04:25,local@tbird-admin1,ntpd,1815.0,kernel time sync disabled 0041,E61,kernel time sync disabled <*>
459,-,1131566665,2005.11.09,tbird-admin1,Nov,9,12:04:25,local@tbird-admin1,ntpd,1815.0,kernel time sync disabled 0041,E61,kernel time sync disabled <*>
459,-,1131566665,2005.11.09,tbird-admin1,Nov,9,12:04:25,local@tbird-admin1,ntpd,1815.0,kernel time sync disabled 0041,E61,kernel time sync disabled <*>
1285,-,1131567043,2005.11.09,tbird-admin1,Nov,9,12:10:43,local@tbird-admin1,RAMDISK,,Compressed image found at block 0,E28,Compressed image found at block <*>
1285,-,1131567043,2005.11.09,tbird-admin1,Nov,9,12:10:43,local@tbird-admin1,RAMDISK,,Compressed image found at block 0,E28,Compressed image found at block <*>
33,-,1131566461,2005.11.09,eadmin2,Nov,9,12:01:01,src@eadmin2,crond,12637.0,(root) CMD (run-parts /etc/cron.hourly),E3,(root) CMD (run-parts /etc/cron.hourly)
39,-,1131566461,2005.11.09,en74,Nov,9,12:01:01,en74/en74,crond,3081.0,(root) CMD (run-parts /etc/cron.hourly),E3,(root) CMD (run-parts /etc/cron.hourly)
24,-,1131566461,2005.11.09,dn754,Nov,9,12:01:01,dn754/dn754,crond,2914.0,(root) CMD (run-parts /etc/cron.hourly),E3,(root) CMD (run-parts /etc/cron.hourly)
1267,-,1131567043,2005.11.09,tbird-admin1,Nov,9,12:10:43,local@tbird-admin1,EXT3-fs,,mounted filesystem with ordered data mode.,E71,mounted filesystem with ordered data mode.
1266,-,1131567043,2005.11.09,tbird-admin1,Nov,9,12:10:43,local@tbird-admin1,EXT3-fs,,mounted filesystem with ordered data mode.,E71,mounted filesystem with ordered data mode.
141,-,1131566503,2005.11.09,aadmin1,Nov,9,12:01:43,src@aadmin1,xinetd,18274.0,START: tftp pid=16563 from=10.100.4.251,E119,START: tftp pid=<*> from=<*>
141,-,1131566503,2005.11.09,aadmin1,Nov,9,12:01:43,src@aadmin1,xinetd,18274.0,START: tftp pid=16563 from=10.100.4.251,E119,START: tftp pid=<*> from=<*>
141,-,1131566503,2005.11.09,aadmin1,Nov,9,12:01:43,src@aadmin1,xinetd,18274.0,START: tftp pid=16563 from=10.100.4.251,E119,START: tftp pid=<*> from=<*>
957,-,1131566925,2005.11.09,tbird-admin1,Nov,9,12:08:45,local@tbird-admin1,ntpd,1815.0,kernel time sync enabled 0001,E62,kernel time sync enabled <*>
957,-,1131566925,2005.11.09,tbird-admin1,Nov,9,12:08:45,local@tbird-admin1,ntpd,1815.0,kernel time sync enabled 0001,E62,kernel time sync enabled <*>
957,-,1131566925,2005.11.09,tbird-admin1,Nov,9,12:08:45,local@tbird-admin1,ntpd,1815.0,kernel time sync enabled 0001,E62,kernel time sync enabled <*>
957,-,1131566925,2005.11.09,tbird-admin1,Nov,9,12:08:45,local@tbird-admin1,ntpd,1815.0,kernel time sync enabled 0001,E62,kernel time sync enabled <*>
957,-,1131566925,2005.11.09,tbird-admin1,Nov,9,12:08:45,local@tbird-admin1,ntpd,1815.0,kernel time sync enabled 0001,E62,kernel time sync enabled <*>
957,-,1131566925,2005.11.09,tbird-admin1,Nov,9,12:08:45,local@tbird-admin1,ntpd,1815.0,kernel time sync enabled 0001,E62,kernel time sync enabled <*>
1509,-,1131567060,2005.11.09,tbird-admin1,Nov,9,12:11:00,local@tbird-admin1,xinetd,1798.0,removing echo,E106,removing <*>
1508,-,1131567060,2005.11.09,tbird-admin1,Nov,9,12:11:00,local@tbird-admin1,xinetd,1798.0,removing echo,E106,removing <*>
1509,-,1131567060,2005.11.09,tbird-admin1,Nov,9,12:11:00,local@tbird-admin1,xinetd,1798.0,removing echo,E106,removing <*>
1508,-,1131567060,2005.11.09,tbird-admin1,Nov,9,12:11:00,local@tbird-admin1,xinetd,1798.0,removing echo,E106,removing <*>
1309,-,1131567043,2005.11.09,tbird-admin1,Nov,9,12:10:43,local@tbird-admin1,floppy0,,no floppy controllers found,E76,no floppy controllers found
1337,-,1131567043,2005.11.09,tbird-admin1,Nov,9,12:10:43,local@tbird-admin1,nfslock,,rpc.statd startup succeeded,E110,rpc.statd startup succeeded
1337,-,1131567043,2005.11.09,tbird-admin1,Nov,9,12:10:43,local@tbird-admin1,nfslock,,rpc.statd startup succeeded,E110,rpc.statd startup succeeded
1337,-,1131567043,2005.11.09,tbird-admin1,Nov,9,12:10:43,local@tbird-admin1,nfslock,,rpc.statd startup succeeded,E110,rpc.statd startup succeeded
1262,-,1131567043,2005.11.09,tbird-admin1,Nov,9,12:10:43,local@tbird-admin1,CPU,,"Trace cache: 12K uops, L1 D cache: 16K",E129,"Trace cache: <*> uops, L1 D cache: <*>"
1263,-,1131567043,2005.11.09,tbird-admin1,Nov,9,12:10:43,local@tbird-admin1,CPU,,"Trace cache: 12K uops, L1 D cache: 16K",E129,"Trace cache: <*> uops, L1 D cache: <*>"
1260,-,1131567043,2005.11.09,tbird-admin1,Nov,9,12:10:43,local@tbird-admin1,CPU,,"Trace cache: 12K uops, L1 D cache: 16K",E129,"Trace cache: <*> uops, L1 D cache: <*>"
1263,-,1131567043,2005.11.09,tbird-admin1,Nov,9,12:10:43,local@tbird-admin1,CPU,,"Trace cache: 12K uops, L1 D cache: 16K",E129,"Trace cache: <*> uops, L1 D cache: <*>"
1247,-,1131567043,2005.11.09,tbird-admin1,Nov,9,12:10:43,local@tbird-admin1,ACPI,,Using IOAPIC for interrupt routing,E139,Using IOAPIC for interrupt routing
1247,-,1131567043,2005.11.09,tbird-admin1,Nov,9,12:10:43,local@tbird-admin1,ACPI,,Using IOAPIC for interrupt routing,E139,Using IOAPIC for interrupt routing
1248,-,1131567043,2005.11.09,tbird-admin1,Nov,9,12:10:43,local@tbird-admin1,CPU0,,Intel(R) Xeon(TM) CPU 3.60GHz stepping 03,E57,Intel(R) Xeon(TM) CPU <*> stepping <*>
1248,-,1131567043,2005.11.09,tbird-admin1,Nov,9,12:10:43,local@tbird-admin1,CPU0,,Intel(R) Xeon(TM) CPU 3.60GHz stepping 03,E57,Intel(R) Xeon(TM) CPU <*> stepping <*>
1291,-,1131567043,2005.11.09,tbird-admin1,Nov,9,12:10:43,local@tbird-admin1,TCP,,Hash tables configured (established 262144 bind 65536),E49,Hash tables configured (established <*> bind <*>)
1291,-,1131567043,2005.11.09,tbird-admin1,Nov,9,12:10:43,local@tbird-admin1,TCP,,Hash tables configured (established 262144 bind 65536),E49,Hash tables configured (established <*> bind <*>)
201,-,1131566525,2005.11.09,aadmin4,Nov,9,12:02:05,src@aadmin4,dhcpd,,DHCPDISCOVER from 00:11:43:e3:ba:c3 via eth1: network A_net: no free leases,E37,DHCPDISCOVER from <*> via eth1: network A_net: no free leases
208,-,1131566527,2005.11.09,aadmin1,Nov,9,12:02:07,src@aadmin1,dhcpd,,DHCPDISCOVER from 00:11:43:e3:ba:c3 via eth1,E36,DHCPDISCOVER from <*> via eth1
1384,-,1131567052,2005.11.09,tbird-admin1,Nov,9,12:10:52,local@tbird-admin1,netfs,,Mounting other filesystems: failed,E74,Mounting other filesystems: failed
1384,-,1131567052,2005.11.09,tbird-admin1,Nov,9,12:10:52,local@tbird-admin1,netfs,,Mounting other filesystems: failed,E74,Mounting other filesystems: failed
1384,-,1131567052,2005.11.09,tbird-admin1,Nov,9,12:10:52,local@tbird-admin1,netfs,,Mounting other filesystems: failed,E74,Mounting other filesystems: failed
1273,-,1131567043,2005.11.09,tbird-admin1,Nov,9,12:10:43,local@tbird-admin1,Intel E7520/7320/7525 detected.<6>pci_hotplug,,PCI Hot Plug PCI Core version: 0.5,E80,PCI Hot Plug PCI Core version: <*>.<*>
1271,-,1131567043,2005.11.09,tbird-admin1,Nov,9,12:10:43,local@tbird-admin1,IOAPIC,2.0,"apic_id 10, version 32, address 0xfec83000, GSI 64-87",E18,"apic_id <*>, version <*>, address <*>, GSI <*>"
460,-,1131566665,2005.11.09,tbird-admin1,Nov,9,12:04:25,local@tbird-admin1,ntpd,1815.0,time reset +0.182379 s,E128,time reset +<*>.<*> s
1953,-,1131567306,2005.11.09,en14,Nov,9,12:15:06,en14/en14,smartd,1971.0,"Device: /dev/sda, Temperature changed -2 Celsius to 26 Celsius since last report",E34,"Device: /dev/sda, Temperature changed <*> Celsius to <*> Celsius since last report"
1953,-,1131567306,2005.11.09,en14,Nov,9,12:15:06,en14/en14,smartd,1971.0,"Device: /dev/sda, Temperature changed -2 Celsius to 26 Celsius since last report",E34,"Device: /dev/sda, Temperature changed <*> Celsius to <*> Celsius since last report"
1953,-,1131567306,2005.11.09,en14,Nov,9,12:15:06,en14/en14,smartd,1971.0,"Device: /dev/sda, Temperature changed -2 Celsius to 26 Celsius since last report",E34,"Device: /dev/sda, Temperature changed <*> Celsius to <*> Celsius since last report"
1226,-,1131567043,2005.11.09,tbird-admin1,Nov,9,12:10:43,local@tbird-admin1,ACPI,,PCI Root Bridge [PCI0] (00:00),E86,PCI Root Bridge [PCI0] (<*>:<*>)
1226,-,1131567043,2005.11.09,tbird-admin1,Nov,9,12:10:43,local@tbird-admin1,ACPI,,PCI Root Bridge [PCI0] (00:00),E86,PCI Root Bridge [PCI0] (<*>:<*>)
1356,-,1131567043,2005.11.09,tbird-admin1,Nov,9,12:10:43,local@tbird-admin1,usbcore,,registered new driver hiddev,E99,registered new driver hiddev
1358,-,1131567043,2005.11.09,tbird-admin1,Nov,9,12:10:43,local@tbird-admin1,usbcore,,registered new driver usbfs,E101,registered new driver usbfs
1357,-,1131567043,2005.11.09,tbird-admin1,Nov,9,12:10:43,local@tbird-admin1,usbcore,,registered new driver hub,E100,registered new driver hub
1358,-,1131567043,2005.11.09,tbird-admin1,Nov,9,12:10:43,local@tbird-admin1,usbcore,,registered new driver usbfs,E101,registered new driver usbfs
1355,-,1131567043,2005.11.09,tbird-admin1,Nov,9,12:10:43,local@tbird-admin1,ts_fixup,,Creating Topspin /dev entries:,E31,Creating Topspin /dev entries:
1355,-,1131567043,2005.11.09,tbird-admin1,Nov,9,12:10:43,local@tbird-admin1,ts_fixup,,Creating Topspin /dev entries:,E31,Creating Topspin /dev entries:
1355,-,1131567043,2005.11.09,tbird-admin1,Nov,9,12:10:43,local@tbird-admin1,ts_fixup,,Creating Topspin /dev entries:,E31,Creating Topspin /dev entries:
1182,-,1131567043,2005.11.09,tbird-admin1,Nov,9,12:10:43,local@tbird-admin1,- User ID,,CentOS-4 (Kernel Module GPG key),E25,CentOS-<*> (Kernel Module GPG key)
675,-,1131566768,2005.11.09,tbird-sm1,Nov,9,12:06:08,src@tbird-sm1,ib_sm.x,24904.0,[ib_sm_sweep.c:1482]: No configuration change required,E7,[ib_sm_sweep.c:1482]: No configuration change required
1383,-,1131567052,2005.11.09,tbird-admin1,Nov,9,12:10:52,local@tbird-admin1,netfs,,Mounting NFS filesystems: succeeded,E73,Mounting NFS filesystems: succeeded
1289,-,1131567043,2005.11.09,tbird-admin1,Nov,9,12:10:43,local@tbird-admin1,SELinux,,Starting in permissive mode,E121,Starting in permissive mode
1289,-,1131567043,2005.11.09,tbird-admin1,Nov,9,12:10:43,local@tbird-admin1,SELinux,,Starting in permissive mode,E121,Starting in permissive mode
1211,-,1131567043,2005.11.09,tbird-admin1,Nov,9,12:10:43,local@tbird-admin1,ACPI,,"PCI Interrupt Link [LNKD] (IRQs 3 4 5 6 7 10 11 12) *0, disabled.",E84,"PCI Interrupt Link [<*>] (IRQs <*> <*> <*> <*> <*> <*> <*> <*>) *<*>, disabled."
1208,-,1131567043,2005.11.09,tbird-admin1,Nov,9,12:10:43,local@tbird-admin1,ACPI,,PCI Interrupt Link [LNKA] (IRQs 3 4 5 6 7 10 11 12) *14,E82,PCI Interrupt Link [<*>] (IRQs <*> <*> <*> <*> <*> <*> <*> <*>) *<*>
1196,-,1131567043,2005.11.09,tbird-admin1,Nov,9,12:10:43,local@tbird-admin1,ACPI,,Interpreter enabled,E58,Interpreter enabled
1196,-,1131567043,2005.11.09,tbird-admin1,Nov,9,12:10:43,local@tbird-admin1,ACPI,,Interpreter enabled,E58,Interpreter enabled
1922,-,1131567290,2005.11.09,bn508,Nov,9,12:14:50,bn508/bn508,ntpd,29337.0,"synchronized to 10.100.22.250, stratum 3",E125,"synchronized to <*>, stratum <*>"
958,-,1131566925,2005.11.09,tbird-admin1,Nov,9,12:08:45,local@tbird-admin1,ntpd,1815.0,"synchronized to #3#, stratum 1",E125,"synchronized to <*>, stratum <*>"
958,-,1131566925,2005.11.09,tbird-admin1,Nov,9,12:08:45,local@tbird-admin1,ntpd,1815.0,"synchronized to #3#, stratum 1",E125,"synchronized to <*>, stratum <*>"
1293,-,1131567043,2005.11.09,tbird-admin1,Nov,9,12:10:43,local@tbird-admin1,Type,,Processor ANSI SCSI revision: 02,E95,Processor ANSI SCSI revision: <*>
1293,-,1131567043,2005.11.09,tbird-admin1,Nov,9,12:10:43,local@tbird-admin1,Type,,Processor ANSI SCSI revision: 02,E95,Processor ANSI SCSI revision: <*>
1293,-,1131567043,2005.11.09,tbird-admin1,Nov,9,12:10:43,local@tbird-admin1,Type,,Processor ANSI SCSI revision: 02,E95,Processor ANSI SCSI revision: <*>
1264,-,1131567043,2005.11.09,tbird-admin1,Nov,9,12:10:43,local@tbird-admin1,Console,,colour VGA+ 80x25,E27,colour VGA+ <*>
1264,-,1131567043,2005.11.09,tbird-admin1,Nov,9,12:10:43,local@tbird-admin1,Console,,colour VGA+ 80x25,E27,colour VGA+ <*>
1328,-,1131567043,2005.11.09,tbird-admin1,Nov,9,12:10:43,local@tbird-admin1,md,,autorun ...,E23,autorun ...
1329,-,1131567043,2005.11.09,tbird-admin1,Nov,9,12:10:43,local@tbird-admin1,md,,autorun ...,E23,autorun ...
1318,-,1131567043,2005.11.09,tbird-admin1,Nov,9,12:10:43,local@tbird-admin1,ioctl32(fdisk:515),,Unknown cmd fd(5) cmd(80081272){00} arg(ffffda44) on /dev/sda,E132,Unknown cmd fd(<*>) cmd(<*>){<*>} arg(<*>) on /dev/sda
1332,-,1131567043,2005.11.09,tbird-admin1,Nov,9,12:10:43,local@tbird-admin1,megaraid,,#39# (Release Date: Mon Sep 27 22:15:07 EDT 2004),E9,<*> (Release Date: <*> <*>)
1272,-,1131567043,2005.11.09,tbird-admin1,Nov,9,12:10:43,local@tbird-admin1,IP,,"routing cache hash table of 65536 buckets, 1024Kbytes",E109,"routing cache hash table of <*> buckets, <*>Kbytes"
1272,-,1131567043,2005.11.09,tbird-admin1,Nov,9,12:10:43,local@tbird-admin1,IP,,"routing cache hash table of 65536 buckets, 1024Kbytes",E109,"routing cache hash table of <*> buckets, <*>Kbytes"
1381,-,1131567052,2005.11.09,#8#,Nov,9,12:10:52,#8#/#8#,sshd,4718.0,Local disconnected: Connection closed.,E67,Local disconnected: Connection closed.
1381,-,1131567052,2005.11.09,#8#,Nov,9,12:10:52,#8#/#8#,sshd,4718.0,Local disconnected: Connection closed.,E67,Local disconnected: Connection closed.
74,-,1131566479,2005.11.09,#8#,Nov,9,12:01:19,#8#/#8#,sshd,19023.0,Local disconnected: Connection closed.,E67,Local disconnected: Connection closed.
1284,-,1131567043,2005.11.09,tbird-admin1,Nov,9,12:10:43,local@tbird-admin1,PCI,,Using configuration type 1,E137,Using configuration type <*>
1471,-,1131567057,2005.11.09,tbird-admin1,Nov,9,12:10:57,local@tbird-admin1,syslog-ng,1605.0,Changing permissions on special file /dev/logsurfer,E26,Changing permissions on special file /dev/logsurfer
1471,-,1131567057,2005.11.09,tbird-admin1,Nov,9,12:10:57,local@tbird-admin1,syslog-ng,1605.0,Changing permissions on special file /dev/logsurfer,E26,Changing permissions on special file /dev/logsurfer
1485,-,1131567060,2005.11.09,tbird-admin1,Nov,9,12:11:00,local@tbird-admin1,xinetd,,xinetd startup succeeded,E148,xinetd startup succeeded
1485,-,1131567060,2005.11.09,tbird-admin1,Nov,9,12:11:00,local@tbird-admin1,xinetd,,xinetd startup succeeded,E148,xinetd startup succeeded
920,-,1131566907,2005.11.09,tbird-admin1,Nov,9,12:08:27,local@tbird-admin1,/apps/x86_64/system/ganglia-3.0.1/sbin/gmetad,1682.0,data_thread() got not answer from any [Thunderbird_A4] datasource,E32,data_thread() got not answer from any [Thunderbird_<*>] datasource
931,-,1131566912,2005.11.09,tbird-admin1,Nov,9,12:08:32,local@tbird-admin1,/apps/x86_64/system/ganglia-3.0.1/sbin/gmetad,1682.0,data_thread() got not answer from any [Thunderbird_A8] datasource,E32,data_thread() got not answer from any [Thunderbird_<*>] datasource
1503,-,1131567060,2005.11.09,tbird-admin1,Nov,9,12:11:00,local@tbird-admin1,xinetd,1798.0,Started working: 1 available service,E120,Started working: <*> available service
1503,-,1131567060,2005.11.09,tbird-admin1,Nov,9,12:11:00,local@tbird-admin1,xinetd,1798.0,Started working: 1 available service,E120,Started working: <*> available service
1353,-,1131567043,2005.11.09,tbird-admin1,Nov,9,12:10:43,local@tbird-admin1,time.c,,Using 14.318180 MHz HPET timer.,E135,Using <*>.<*> MHz HPET timer.
1353,-,1131567043,2005.11.09,tbird-admin1,Nov,9,12:10:43,local@tbird-admin1,time.c,,Using 14.318180 MHz HPET timer.,E135,Using <*>.<*> MHz HPET timer.
1353,-,1131567043,2005.11.09,tbird-admin1,Nov,9,12:10:43,local@tbird-admin1,time.c,,Using 14.318180 MHz HPET timer.,E135,Using <*>.<*> MHz HPET timer.
1353,-,1131567043,2005.11.09,tbird-admin1,Nov,9,12:10:43,local@tbird-admin1,time.c,,Using 14.318180 MHz HPET timer.,E135,Using <*>.<*> MHz HPET timer.
1353,-,1131567043,2005.11.09,tbird-admin1,Nov,9,12:10:43,local@tbird-admin1,time.c,,Using 14.318180 MHz HPET timer.,E135,Using <*>.<*> MHz HPET timer.
1246,-,1131567043,2005.11.09,tbird-admin1,Nov,9,12:10:43,local@tbird-admin1,ACPI,,Subsystem revision 20040816,E123,Subsystem revision <*>
1246,-,1131567043,2005.11.09,tbird-admin1,Nov,9,12:10:43,local@tbird-admin1,ACPI,,Subsystem revision 20040816,E123,Subsystem revision <*>
1246,-,1131567043,2005.11.09,tbird-admin1,Nov,9,12:10:43,local@tbird-admin1,ACPI,,Subsystem revision 20040816,E123,Subsystem revision <*>
1335,-,1131567043,2005.11.09,tbird-admin1,Nov,9,12:10:43,local@tbird-admin1,mice,,PS/2 mouse device common for all mice,E96,PS/<*> mouse device common for all mice
1335,-,1131567043,2005.11.09,tbird-admin1,Nov,9,12:10:43,local@tbird-admin1,mice,,PS/2 mouse device common for all mice,E96,PS/<*> mouse device common for all mice
1335,-,1131567043,2005.11.09,tbird-admin1,Nov,9,12:10:43,local@tbird-admin1,mice,,PS/2 mouse device common for all mice,E96,PS/<*> mouse device common for all mice
1347,-,1131567043,2005.11.09,tbird-admin1,Nov,9,12:10:43,local@tbird-admin1,selinux_register_security,,Registering secondary module capability,E105,Registering secondary module capability
1347,-,1131567043,2005.11.09,tbird-admin1,Nov,9,12:10:43,local@tbird-admin1,selinux_register_security,,Registering secondary module capability,E105,Registering secondary module capability
1347,-,1131567043,2005.11.09,tbird-admin1,Nov,9,12:10:43,local@tbird-admin1,selinux_register_security,,Registering secondary module capability,E105,Registering secondary module capability
1279,-,1131567043,2005.11.09,tbird-admin1,Nov,9,12:10:43,local@tbird-admin1,PCI-DMA,,Using software bounce buffering for IO (SWIOTLB),E141,Using software bounce buffering for IO (SWIOTLB)
1279,-,1131567043,2005.11.09,tbird-admin1,Nov,9,12:10:43,local@tbird-admin1,PCI-DMA,,Using software bounce buffering for IO (SWIOTLB),E141,Using software bounce buffering for IO (SWIOTLB)
1297,-,1131567043,2005.11.09,tbird-admin1,Nov,9,12:10:43,local@tbird-admin1,Vendor,,PE/PV Model: 1x2 SCSI BP Rev: 1.0,E87,PE/PV Model: <*> SCSI BP Rev: <*>.<*>
1297,-,1131567043,2005.11.09,tbird-admin1,Nov,9,12:10:43,local@tbird-admin1,Vendor,,PE/PV Model: 1x2 SCSI BP Rev: 1.0,E87,PE/PV Model: <*> SCSI BP Rev: <*>.<*>
1297,-,1131567043,2005.11.09,tbird-admin1,Nov,9,12:10:43,local@tbird-admin1,Vendor,,PE/PV Model: 1x2 SCSI BP Rev: 1.0,E87,PE/PV Model: <*> SCSI BP Rev: <*>.<*>
1510,-,1131567060,2005.11.09,tbird-admin1,Nov,9,12:11:00,local@tbird-admin1,xinetd,1798.0,removing eklogin,E106,removing <*>
1510,-,1131567060,2005.11.09,tbird-admin1,Nov,9,12:11:00,local@tbird-admin1,xinetd,1798.0,removing eklogin,E106,removing <*>
1224,-,1131567043,2005.11.09,tbird-admin1,Nov,9,12:10:43,local@tbird-admin1,ACPI,,PCI Interrupt Routing Table [\_SB_.PCI0.VPR0._PRT],E85,PCI Interrupt Routing Table [<*>]
267,-,1131566554,2005.11.09,tbird-sm1,Nov,9,12:02:34,src@tbird-sm1,ib_sm.x,24904.0,[ib_sm_sweep.c:1831]: ********************** NEW SWEEP ********************,E8,[ib_sm_sweep.c:1831]: ********************** NEW SWEEP ********************
1363,-,1131567044,2005.11.09,tbird-sm1,Nov,9,12:10:44,src@tbird-sm1,ib_sm.x,24904.0,[ib_sm_sweep.c:1831]: ********************** NEW SWEEP ********************,E8,[ib_sm_sweep.c:1831]: ********************** NEW SWEEP ********************
1274,-,1131567043,2005.11.09,tbird-admin1,Nov,9,12:10:43,local@tbird-admin1,Kernel command line,,"root=LABEL=/ initrd=/x86_64/initrd-2.6.9-5.0.5.EL-lustre-1.4.2-perfctr-admin console=tty0 console=ttyS0,19200 fastboot BOOT_IMAGE=/x86_64/vmlinuz-2.6.9-5.0.5.EL-lustre-1.4.2-perfctr",E108,"root=LABEL=/ initrd=/<*> console=<*> console=<*>,<*> fastboot BOOT_IMAGE=<*>"
1290,-,1131567043,2005.11.09,tbird-admin1,Nov,9,12:10:43,local@tbird-admin1,SELinux,,Unregistering netfilter hooks,E133,Unregistering netfilter hooks
1299,-,1131567043,2005.11.09,tbird-admin1,Nov,9,12:10:43,local@tbird-admin1,audit,,initializing netlink socket (disabled),E52,initializing netlink socket (disabled)
1299,-,1131567043,2005.11.09,tbird-admin1,Nov,9,12:10:43,local@tbird-admin1,audit,,initializing netlink socket (disabled),E52,initializing netlink socket (disabled)
1299,-,1131567043,2005.11.09,tbird-admin1,Nov,9,12:10:43,local@tbird-admin1,audit,,initializing netlink socket (disabled),E52,initializing netlink socket (disabled)
1307,-,1131567043,2005.11.09,tbird-admin1,Nov,9,12:10:43,local@tbird-admin1,e1000,,eth0: e1000_watchdog: NIC Link is Up 1000 Mbps Full Duplex,E46,eth0: <*>: NIC Link is Up <*> Mbps Full Duplex
1307,-,1131567043,2005.11.09,tbird-admin1,Nov,9,12:10:43,local@tbird-admin1,e1000,,eth0: e1000_watchdog: NIC Link is Up 1000 Mbps Full Duplex,E46,eth0: <*>: NIC Link is Up <*> Mbps Full Duplex
1504,-,1131567060,2005.11.09,tbird-admin1,Nov,9,12:11:00,local@tbird-admin1,xinetd,1798.0,removing chargen,E106,removing <*>
1504,-,1131567060,2005.11.09,tbird-admin1,Nov,9,12:11:00,local@tbird-admin1,xinetd,1798.0,removing chargen,E106,removing <*>
1322,-,1131567043,2005.11.09,tbird-admin1,Nov,9,12:10:43,local@tbird-admin1,ip_tables,,(C) 2000-2002 Netfilter core team,E1,(C) <*>-<*> Netfilter core team
1319,-,1131567043,2005.11.09,tbird-admin1,Nov,9,12:10:43,local@tbird-admin1,ip_tables,,(C) 2000-2002 Netfilter core team,E1,(C) <*>-<*> Netfilter core team
1295,-,1131567043,2005.11.09,tbird-admin1,Nov,9,12:10:43,local@tbird-admin1,VFS,,Mounted root (ext2 filesystem).,E72,Mounted root (ext2 filesystem).
1295,-,1131567043,2005.11.09,tbird-admin1,Nov,9,12:10:43,local@tbird-admin1,VFS,,Mounted root (ext2 filesystem).,E72,Mounted root (ext2 filesystem).
1306,-,1131567043,2005.11.09,tbird-admin1,Nov,9,12:10:43,local@tbird-admin1,e1000,,eth0: e1000_probe: Intel(R) PRO/1000 Network Connection,E45,eth<*>: <*>: Intel(R) PRO/<*> Network Connection
211,-,1131566527,2005.11.09,aadmin1,Nov,9,12:02:07,src@aadmin1,dhcpd,,DHCPREQUEST for 10.100.4.251 (10.100.0.250) from 00:11:43:e3:ba:c3 via eth1,E39,DHCPREQUEST for <*> (<*>) from <*> via eth1
193,-,1131566525,2005.11.09,aadmin1,Nov,9,12:02:05,src@aadmin1,dhcpd,,DHCPREQUEST for 10.100.4.251 (10.100.0.250) from 00:11:43:e3:ba:c3 via eth1,E39,DHCPREQUEST for <*> (<*>) from <*> via eth1
1191,-,1131567043,2005.11.09,tbird-admin1,Nov,9,12:10:43,local@tbird-admin1,ACPI,,IOAPIC (id[0x09] address[0xfec80000] gsi_base[32]),E59,IOAPIC (id[<*>] address[<*>] gsi_base[<*>])
1192,-,1131567043,2005.11.09,tbird-admin1,Nov,9,12:10:43,local@tbird-admin1,ACPI,,IOAPIC (id[0x0a] address[0xfec83000] gsi_base[64]),E59,IOAPIC (id[<*>] address[<*>] gsi_base[<*>])
1190,-,1131567043,2005.11.09,tbird-admin1,Nov,9,12:10:43,local@tbird-admin1,ACPI,,IOAPIC (id[0x08] address[0xfec00000] gsi_base[0]),E59,IOAPIC (id[<*>] address[<*>] gsi_base[<*>])
1195,-,1131567043,2005.11.09,tbird-admin1,Nov,9,12:10:43,local@tbird-admin1,ACPI,,IRQ9 used by override.,E60,IRQ<*> used by override.
1194,-,1131567043,2005.11.09,tbird-admin1,Nov,9,12:10:43,local@tbird-admin1,ACPI,,IRQ2 used by override.,E60,IRQ<*> used by override.
1193,-,1131567043,2005.11.09,tbird-admin1,Nov,9,12:10:43,local@tbird-admin1,ACPI,,IRQ0 used by override.,E60,IRQ<*> used by override.
1280,-,1131567043,2005.11.09,tbird-admin1,Nov,9,12:10:43,local@tbird-admin1,PCI,,Probing PCI hardware (bus 00),E93,Probing PCI hardware (bus <*>)
1280,-,1131567043,2005.11.09,tbird-admin1,Nov,9,12:10:43,local@tbird-admin1,PCI,,Probing PCI hardware (bus 00),E93,Probing PCI hardware (bus <*>)
1280,-,1131567043,2005.11.09,tbird-admin1,Nov,9,12:10:43,local@tbird-admin1,PCI,,Probing PCI hardware (bus 00),E93,Probing PCI hardware (bus <*>)
1280,-,1131567043,2005.11.09,tbird-admin1,Nov,9,12:10:43,local@tbird-admin1,PCI,,Probing PCI hardware (bus 00),E93,Probing PCI hardware (bus <*>)
1280,-,1131567043,2005.11.09,tbird-admin1,Nov,9,12:10:43,local@tbird-admin1,PCI,,Probing PCI hardware (bus 00),E93,Probing PCI hardware (bus <*>)
113,-,1131566495,2005.11.09,badmin1,Nov,9,12:01:35,src@badmin1,crond(pam_unix),8099.0,session closed for user root,E117,session closed for user root
1569,-,1131567091,2005.11.09,eadmin1,Nov,9,12:11:31,src@eadmin1,crond(pam_unix),4309.0,session closed for user root,E117,session closed for user root
13,-,1131566461,2005.11.09,dn700,Nov,9,12:01:01,dn700/dn700,crond(pam_unix),2912.0,session closed for user root,E117,session closed for user root
26,-,1131566461,2005.11.09,dn978,Nov,9,12:01:01,dn978/dn978,crond(pam_unix),2920.0,session opened for user root by (uid=0),E118,session opened for user root by (uid=0)
1345,-,1131567043,2005.11.09,tbird-admin1,Nov,9,12:10:43,local@tbird-admin1,sda,,assuming drive cache: write through,E21,assuming drive cache: write through
1278,-,1131567043,2005.11.09,tbird-admin1,Nov,9,12:10:43,local@tbird-admin1,NET,,Registered protocol family 2,E103,Registered protocol family <*>
1462,-,1131567055,2005.11.09,tbird-admin1,Nov,9,12:10:55,local@tbird-admin1,NET,,Registered protocol family 10,E103,Registered protocol family <*>
1360,-,1131567043,2005.11.09,tbird-admin1,Nov,9,12:10:43,local@tbird-admin1,vesafb,,probe of vesafb0 failed with error -6,E92,probe of vesafb0 failed with error <*>
1360,-,1131567043,2005.11.09,tbird-admin1,Nov,9,12:10:43,local@tbird-admin1,vesafb,,probe of vesafb0 failed with error -6,E92,probe of vesafb0 failed with error <*>
1360,-,1131567043,2005.11.09,tbird-admin1,Nov,9,12:10:43,local@tbird-admin1,vesafb,,probe of vesafb0 failed with error -6,E92,probe of vesafb0 failed with error <*>
63,-,1131566474,2005.11.09,tbird-sm1,Nov,9,12:01:14,src@tbird-sm1,ib_sm.x,24904.0,[ib_sm_sweep.c:1455]: No topology change,E6,[ib_sm_sweep.c:1455]: No topology change
1330,-,1131567043,2005.11.09,tbird-admin1,Nov,9,12:10:43,local@tbird-admin1,md,,"md driver 0.90.0 MAX_MD_DEVS=256, MD_SB_DISKS=27",E69,"md driver <*>.<*>.<*> MAX_MD_DEVS=<*>, MD_SB_DISKS=<*>"
1188,-,1131567043,2005.11.09,tbird-admin1,Nov,9,12:10:43,local@tbird-admin1,ACPI,,INT_SRC_OVR (bus 0 bus_irq 0 global_irq 2 dfl dfl),E55,INT_SRC_OVR (bus <*> bus_irq <*> global_irq <*> dfl dfl)
1188,-,1131567043,2005.11.09,tbird-admin1,Nov,9,12:10:43,local@tbird-admin1,ACPI,,INT_SRC_OVR (bus 0 bus_irq 0 global_irq 2 dfl dfl),E55,INT_SRC_OVR (bus <*> bus_irq <*> global_irq <*> dfl dfl)
1188,-,1131567043,2005.11.09,tbird-admin1,Nov,9,12:10:43,local@tbird-admin1,ACPI,,INT_SRC_OVR (bus 0 bus_irq 0 global_irq 2 dfl dfl),E55,INT_SRC_OVR (bus <*> bus_irq <*> global_irq <*> dfl dfl)
1188,-,1131567043,2005.11.09,tbird-admin1,Nov,9,12:10:43,local@tbird-admin1,ACPI,,INT_SRC_OVR (bus 0 bus_irq 0 global_irq 2 dfl dfl),E55,INT_SRC_OVR (bus <*> bus_irq <*> global_irq <*> dfl dfl)
1342,-,1131567043,2005.11.09,tbird-admin1,Nov,9,12:10:43,local@tbird-admin1,scsi,0.0,scanning scsi channel 0 [Phy 0] for non-raid devices,E113,scanning scsi channel <*> [Phy <*>] for non-raid devices
1343,-,1131567043,2005.11.09,tbird-admin1,Nov,9,12:10:43,local@tbird-admin1,scsi,0.0,scanning scsi channel 1 [virtual] for logical drives,E114,scanning scsi channel <*> [virtual] for logical drives
1343,-,1131567043,2005.11.09,tbird-admin1,Nov,9,12:10:43,local@tbird-admin1,scsi,0.0,scanning scsi channel 1 [virtual] for logical drives,E114,scanning scsi channel <*> [virtual] for logical drives
1520,-,1131567060,2005.11.09,tbird-admin1,Nov,9,12:11:00,local@tbird-admin1,xinetd,1798.0,xinetd Version 2.3.13 started with libwrap loadavg options compiled in.,E149,xinetd Version <*>.<*>.<*> started with libwrap loadavg options compiled in.
1305,-,1131567043,2005.11.09,tbird-admin1,Nov,9,12:10:43,local@tbird-admin1,drivers/usb/input/hid-core.c,,v2.0:USB HID core driver,E143,v<*>.<*>:USB HID core driver
1305,-,1131567043,2005.11.09,tbird-admin1,Nov,9,12:10:43,local@tbird-admin1,drivers/usb/input/hid-core.c,,v2.0:USB HID core driver,E143,v<*>.<*>:USB HID core driver
1305,-,1131567043,2005.11.09,tbird-admin1,Nov,9,12:10:43,local@tbird-admin1,drivers/usb/input/hid-core.c,,v2.0:USB HID core driver,E143,v<*>.<*>:USB HID core driver
1310,-,1131567043,2005.11.09,tbird-admin1,Nov,9,12:10:43,local@tbird-admin1,hw_random,,RNG not detected,E107,RNG not detected
1310,-,1131567043,2005.11.09,tbird-admin1,Nov,9,12:10:43,local@tbird-admin1,hw_random,,RNG not detected,E107,RNG not detected
1282,-,1131567043,2005.11.09,tbird-admin1,Nov,9,12:10:43,local@tbird-admin1,PCI,,Using ACPI for IRQ routing,E136,Using ACPI for IRQ routing
1282,-,1131567043,2005.11.09,tbird-admin1,Nov,9,12:10:43,local@tbird-admin1,PCI,,Using ACPI for IRQ routing,E136,Using ACPI for IRQ routing
1205,-,1131567043,2005.11.09,tbird-admin1,Nov,9,12:10:43,local@tbird-admin1,ACPI,,Local APIC address 0xfee00000,E66,Local APIC address <*>
1205,-,1131567043,2005.11.09,tbird-admin1,Nov,9,12:10:43,local@tbird-admin1,ACPI,,Local APIC address 0xfee00000,E66,Local APIC address <*>
1205,-,1131567043,2005.11.09,tbird-admin1,Nov,9,12:10:43,local@tbird-admin1,ACPI,,Local APIC address 0xfee00000,E66,Local APIC address <*>
1205,-,1131567043,2005.11.09,tbird-admin1,Nov,9,12:10:43,local@tbird-admin1,ACPI,,Local APIC address 0xfee00000,E66,Local APIC address <*>
1311,-,1131567043,2005.11.09,tbird-admin1,Nov,9,12:10:43,local@tbird-admin1,ide0,,Wait for ready failed before probe !,E145,Wait for ready failed before probe !
1311,-,1131567043,2005.11.09,tbird-admin1,Nov,9,12:10:43,local@tbird-admin1,ide0,,Wait for ready failed before probe !,E145,Wait for ready failed before probe !
1514,-,1131567060,2005.11.09,tbird-admin1,Nov,9,12:11:00,local@tbird-admin1,xinetd,1798.0,removing ntalk,E106,removing <*>
1514,-,1131567060,2005.11.09,tbird-admin1,Nov,9,12:11:00,local@tbird-admin1,xinetd,1798.0,removing ntalk,E106,removing <*>
1514,-,1131567060,2005.11.09,tbird-admin1,Nov,9,12:11:00,local@tbird-admin1,xinetd,1798.0,removing ntalk,E106,removing <*>
1268,-,1131567043,2005.11.09,tbird-admin1,Nov,9,12:10:43,local@tbird-admin1,IA32 emulation $Id,,"sys_ia32.c,v 1.32 2002/03/24 13:02:28 ak Exp $",E11,<*> <*>.<*> <*>/<*>/<*> <*>:<*>:<*> ak Exp $
1268,-,1131567043,2005.11.09,tbird-admin1,Nov,9,12:10:43,local@tbird-admin1,IA32 emulation $Id,,"sys_ia32.c,v 1.32 2002/03/24 13:02:28 ak Exp $",E11,<*> <*>.<*> <*>/<*>/<*> <*>:<*>:<*> ak Exp $
1501,-,1131567060,2005.11.09,tbird-admin1,Nov,9,12:11:00,local@tbird-admin1,xinetd,1798.0,Reading included configuration file: /etc/xinetd.d/time [file=/etc/xinetd.d/time] [line=18],E97,Reading included configuration file: <*> [file=<*>] [line=<*>]
1488,-,1131567060,2005.11.09,tbird-admin1,Nov,9,12:11:00,local@tbird-admin1,xinetd,1798.0,Reading included configuration file: /etc/xinetd.d/cups-lpd [file=/etc/xinetd.d/cups-lpd] [line=17],E97,Reading included configuration file: <*> [file=<*>] [line=<*>]
1506,-,1131567060,2005.11.09,tbird-admin1,Nov,9,12:11:00,local@tbird-admin1,xinetd,1798.0,removing daytime,E106,removing <*>
1506,-,1131567060,2005.11.09,tbird-admin1,Nov,9,12:11:00,local@tbird-admin1,xinetd,1798.0,removing daytime,E106,removing <*>
1506,-,1131567060,2005.11.09,tbird-admin1,Nov,9,12:11:00,local@tbird-admin1,xinetd,1798.0,removing daytime,E106,removing <*>
1507,-,1131567060,2005.11.09,tbird-admin1,Nov,9,12:11:00,local@tbird-admin1,xinetd,1798.0,removing daytime,E106,removing <*>
1456,-,1131567055,2005.11.09,#8#,Nov,9,12:10:55,#8#/#8#,sshd2,4895.0,Now running on #29#'s privileges.,E78,Now running on #<*>#'s privileges.
1456,-,1131567055,2005.11.09,#8#,Nov,9,12:10:55,#8#/#8#,sshd2,4895.0,Now running on #29#'s privileges.,E78,Now running on #<*>#'s privileges.
1238,-,1131567043,2005.11.09,tbird-admin1,Nov,9,12:10:43,local@tbird-admin1,ACPI,,Power Button (FF) [PWRF],E90,Power Button (FF) [PWRF]
1238,-,1131567043,2005.11.09,tbird-admin1,Nov,9,12:10:43,local@tbird-admin1,ACPI,,Power Button (FF) [PWRF],E90,Power Button (FF) [PWRF]
1238,-,1131567043,2005.11.09,tbird-admin1,Nov,9,12:10:43,local@tbird-admin1,ACPI,,Power Button (FF) [PWRF],E90,Power Button (FF) [PWRF]
1189,-,1131567043,2005.11.09,tbird-admin1,Nov,9,12:10:43,local@tbird-admin1,ACPI,,INT_SRC_OVR (bus 0 bus_irq 9 global_irq 9 high level),E56,INT_SRC_OVR (bus <*> bus_irq <*> global_irq <*> high level)
1189,-,1131567043,2005.11.09,tbird-admin1,Nov,9,12:10:43,local@tbird-admin1,ACPI,,INT_SRC_OVR (bus 0 bus_irq 9 global_irq 9 high level),E56,INT_SRC_OVR (bus <*> bus_irq <*> global_irq <*> high level)
1351,-,1131567043,2005.11.09,tbird-admin1,Nov,9,12:10:43,local@tbird-admin1,syslog-ng,1605.0,syslog-ng version 1.6.7 starting,E127,syslog-ng version <*>.<*>.<*> starting
1351,-,1131567043,2005.11.09,tbird-admin1,Nov,9,12:10:43,local@tbird-admin1,syslog-ng,1605.0,syslog-ng version 1.6.7 starting,E127,syslog-ng version <*>.<*>.<*> starting
1580,-,1131567094,2005.11.09,aadmin1,Nov,9,12:11:34,src@aadmin1,sendmail,19649.0,"jA9JBWxH019649: from=root, size=1596872, class=0, nrcpts=1, msgid=<200511091911.jA9JBWxH019649@aadmin1>, relay=#7#@localhost",E15,"<*>: from=root, size=<*>, class=<*>, nrcpts=<*>, msgid=<<*>>, relay=#<*>#@localhost"
1580,-,1131567094,2005.11.09,aadmin1,Nov,9,12:11:34,src@aadmin1,sendmail,19649.0,"jA9JBWxH019649: from=root, size=1596872, class=0, nrcpts=1, msgid=<200511091911.jA9JBWxH019649@aadmin1>, relay=#7#@localhost",E15,"<*>: from=root, size=<*>, class=<*>, nrcpts=<*>, msgid=<<*>>, relay=#<*>#@localhost"
98,-,1131566491,2005.11.09,eadmin1,Nov,9,12:01:31,src@eadmin1,sendmail,4306.0,"jA9J1UvC004306: from=root, size=629060, class=0, nrcpts=1, msgid=<200511091901.jA9J1UvC004306@eadmin1>, relay=#7#@localhost",E15,"<*>: from=root, size=<*>, class=<*>, nrcpts=<*>, msgid=<<*>>, relay=#<*>#@localhost"
1513,-,1131567060,2005.11.09,tbird-admin1,Nov,9,12:11:00,local@tbird-admin1,xinetd,1798.0,removing kshell,E106,removing <*>
954,-,1131566924,2005.11.09,tbird-admin1,Nov,9,12:08:44,local@tbird-admin1,ntpd,1815.0,"synchronized to LOCAL(0), stratum 10",E125,"synchronized to <*>, stratum <*>"
954,-,1131566924,2005.11.09,tbird-admin1,Nov,9,12:08:44,local@tbird-admin1,ntpd,1815.0,"synchronized to LOCAL(0), stratum 10",E125,"synchronized to <*>, stratum <*>"
139,-,1131566503,2005.11.09,aadmin1,Nov,9,12:01:43,src@aadmin1,dhcpd,,DHCPACK on 10.100.4.251 to 00:11:43:e3:ba:c3 via eth1,E35,DHCPACK on <*> to <*> via eth1
139,-,1131566503,2005.11.09,aadmin1,Nov,9,12:01:43,src@aadmin1,dhcpd,,DHCPACK on 10.100.4.251 to 00:11:43:e3:ba:c3 via eth1,E35,DHCPACK on <*> to <*> via eth1
1349,-,1131567043,2005.11.09,tbird-admin1,Nov,9,12:10:43,local@tbird-admin1,serio,,"i8042 KBD port at 0x60,0x64 irq 1",E13,"<*> KBD port at <*>,<*> irq <*>"
1283,-,1131567043,2005.11.09,tbird-admin1,Nov,9,12:10:43,local@tbird-admin1,PCI,,Using MMCONFIG at e0000000,E140,Using MMCONFIG at <*>
1283,-,1131567043,2005.11.09,tbird-admin1,Nov,9,12:10:43,local@tbird-admin1,PCI,,Using MMCONFIG at e0000000,E140,Using MMCONFIG at <*>
1242,-,1131567043,2005.11.09,tbird-admin1,Nov,9,12:10:43,local@tbird-admin1,ACPI,,Processor [CPU3] (supports C1),E94,Processor [CPU<*>] (supports C1)
1844,-,1131567240,2005.11.09,#8#,Nov,9,12:14:00,#8#/#8#,sshd,4893.0,connection lost: 'Connection closed.',E30,connection lost: 'Connection closed.'
75,-,1131566479,2005.11.09,#8#,Nov,9,12:01:19,#8#/#8#,sshd,19023.0,connection lost: 'Connection closed.',E30,connection lost: 'Connection closed.'
1844,-,1131567240,2005.11.09,#8#,Nov,9,12:14:00,#8#/#8#,sshd,4893.0,connection lost: 'Connection closed.',E30,connection lost: 'Connection closed.'
1518,-,1131567060,2005.11.09,tbird-admin1,Nov,9,12:11:00,local@tbird-admin1,xinetd,1798.0,removing time,E106,removing <*>
1519,-,1131567060,2005.11.09,tbird-admin1,Nov,9,12:11:00,local@tbird-admin1,xinetd,1798.0,removing time,E106,removing <*>
1229,-,1131567043,2005.11.09,tbird-admin1,Nov,9,12:10:43,local@tbird-admin1,ACPI,,"PCI interrupt 0000:00:05.0[A] -> GSI 16 (level, low) -> IRQ 169",E81,"PCI interrupt <*> -> GSI <*> (level, low) -> IRQ <*>"
1233,-,1131567043,2005.11.09,tbird-admin1,Nov,9,12:10:43,local@tbird-admin1,ACPI,,"PCI interrupt 0000:06:07.0[A] -> GSI 64 (level, low) -> IRQ 185",E81,"PCI interrupt <*> -> GSI <*> (level, low) -> IRQ <*>"
1234,-,1131567043,2005.11.09,tbird-admin1,Nov,9,12:10:43,local@tbird-admin1,ACPI,,"PCI interrupt 0000:06:07.0[A] -> GSI 64 (level, low) -> IRQ 185",E81,"PCI interrupt <*> -> GSI <*> (level, low) -> IRQ <*>"
1338,-,1131567043,2005.11.09,tbird-admin1,Nov,9,12:10:43,local@tbird-admin1,portmap,,portmap startup succeeded,E89,portmap startup succeeded
1338,-,1131567043,2005.11.09,tbird-admin1,Nov,9,12:10:43,local@tbird-admin1,portmap,,portmap startup succeeded,E89,portmap startup succeeded
1515,-,1131567060,2005.11.09,tbird-admin1,Nov,9,12:11:00,local@tbird-admin1,xinetd,1798.0,removing printer,E106,removing <*>
1334,-,1131567043,2005.11.09,tbird-admin1,Nov,9,12:10:43,local@tbird-admin1,megaraid,,probe new device 0x1028:0x0013:0x1028:0x016c: bus 2:slot 14:func 0,E91,probe new device <*>:<*>:<*>:<*>: bus <*>:slot <*>:func <*>
1470,-,1131567057,2005.11.09,tbird-admin1,Nov,9,12:10:57,local@tbird-admin1,syslog-ng,1605.0,Cannot open file /dev/logsurfer for writing (No such file or directory),E24,Cannot open file /dev/logsurfer for writing (No such file or directory)
1470,-,1131567057,2005.11.09,tbird-admin1,Nov,9,12:10:57,local@tbird-admin1,syslog-ng,1605.0,Cannot open file /dev/logsurfer for writing (No such file or directory),E24,Cannot open file /dev/logsurfer for writing (No such file or directory)
1470,-,1131567057,2005.11.09,tbird-admin1,Nov,9,12:10:57,local@tbird-admin1,syslog-ng,1605.0,Cannot open file /dev/logsurfer for writing (No such file or directory),E24,Cannot open file /dev/logsurfer for writing (No such file or directory)
1516,-,1131567060,2005.11.09,tbird-admin1,Nov,9,12:11:00,local@tbird-admin1,xinetd,1798.0,removing rsync,E106,removing <*>
1403,-,1131567054,2005.11.09,#8#,Nov,9,12:10:54,#8#/#8#,sshd,2223.0,"connection from ""#28#""",E29,"connection from ""#<*>#"""
1372,-,1131567050,2005.11.09,#8#,Nov,9,12:10:50,#8#/#8#,sshd,2223.0,"connection from ""#28#""",E29,"connection from ""#<*>#"""
1372,-,1131567050,2005.11.09,#8#,Nov,9,12:10:50,#8#/#8#,sshd,2223.0,"connection from ""#28#""",E29,"connection from ""#<*>#"""
1403,-,1131567054,2005.11.09,#8#,Nov,9,12:10:54,#8#/#8#,sshd,2223.0,"connection from ""#28#""",E29,"connection from ""#<*>#"""
96,-,1131566490,2005.11.09,eadmin1,Nov,9,12:01:30,src@eadmin1,sendmail,4306.0,unable to qualify my own domain name (eadmin1) -- using short name,E131,unable to qualify my own domain name (<*>) -- using short name
101,-,1131566492,2005.11.09,badmin1,Nov,9,12:01:32,src@badmin1,sendmail,11176.0,unable to qualify my own domain name (badmin1) -- using short name,E131,unable to qualify my own domain name (<*>) -- using short name
101,-,1131566492,2005.11.09,badmin1,Nov,9,12:01:32,src@badmin1,sendmail,11176.0,unable to qualify my own domain name (badmin1) -- using short name,E131,unable to qualify my own domain name (<*>) -- using short name
1296,-,1131567043,2005.11.09,tbird-admin1,Nov,9,12:10:43,local@tbird-admin1,Vendor,,MegaRAID Model: LD 0 RAID1 139G Rev: 516A,E70,MegaRAID Model: LD <*> RAID1 <*> Rev: <*>
1450,-,1131567054,2005.11.09,tbird-admin1,Nov,9,12:10:54,local@tbird-admin1,gmetad,,Warning: we failed to resolve data source name dn526 dn527 dn528 dn529 dn530 dn531 dn532 dn533 dn534 dn535 dn536 dn537 dn538 dn539 dn540 dn541 dn542 dn543 dn544 dn545 dn546 dn547 dn548 dn549 dn550 dn551 dn552 dn553 dn554 dn555 dn556 dn557 dn558 dn559 dn560 dn561 dn562 dn563 dn564 dn565 dn566 dn567 dn568 dn569 dn570 dn571 dn572 dn573 dn574 dn575 dn576 dn577 dn578 dn579 dn580 dn581 dn582 dn583 dn584 dn585 dn586 dn587 dn588 dn589 dn590 dn591 dn592 dn593 dn594 dn595 dn596 dn597 dn598 dn599 dn600 dn601 dn602 dn603 dn604 dn605 dn606 dn607 dn608 dn609 dn610 dn611 dn612 dn613 dn614 dn615 dn616 dn617 dn618 dn619 dn620 dn621 dn622 dn623 dn624 dn625 dn626 dn627 dn628 dn629 dn630 dn631 dn632 dn633 dn634 dn635 dn636 dn637 dn638 dn639 dn640,E146,Warning: we failed to resolve data source name <*>
1465,-,1131567055,2005.11.09,tbird-admin1,Nov,9,12:10:55,local@tbird-admin1,sshd,1761.0,Server listening on :: port 22.,E116,Server listening on :: port <*>.
1465,-,1131567055,2005.11.09,tbird-admin1,Nov,9,12:10:55,local@tbird-admin1,sshd,1761.0,Server listening on :: port 22.,E116,Server listening on :: port <*>.
1187,-,1131567043,2005.11.09,tbird-admin1,Nov,9,12:10:43,local@tbird-admin1,ACPI,,HPET id: 0xffffffff base: 0xfed00000,E50,HPET id: <*> base: <*>
1187,-,1131567043,2005.11.09,tbird-admin1,Nov,9,12:10:43,local@tbird-admin1,ACPI,,HPET id: 0xffffffff base: 0xfed00000,E50,HPET id: <*> base: <*>
1187,-,1131567043,2005.11.09,tbird-admin1,Nov,9,12:10:43,local@tbird-admin1,ACPI,,HPET id: 0xffffffff base: 0xfed00000,E50,HPET id: <*> base: <*>
1344,-,1131567043,2005.11.09,tbird-admin1,Nov,9,12:10:43,local@tbird-admin1,sda,,asking for cache data failed,E19,asking for cache data failed
1344,-,1131567043,2005.11.09,tbird-admin1,Nov,9,12:10:43,local@tbird-admin1,sda,,asking for cache data failed,E19,asking for cache data failed
1344,-,1131567043,2005.11.09,tbird-admin1,Nov,9,12:10:43,local@tbird-admin1,sda,,asking for cache data failed,E19,asking for cache data failed
1344,-,1131567043,2005.11.09,tbird-admin1,Nov,9,12:10:43,local@tbird-admin1,sda,,asking for cache data failed,E19,asking for cache data failed
1344,-,1131567043,2005.11.09,tbird-admin1,Nov,9,12:10:43,local@tbird-admin1,sda,,asking for cache data failed,E19,asking for cache data failed
1339,-,1131567043,2005.11.09,tbird-admin1,Nov,9,12:10:43,local@tbird-admin1,rc,,Starting ts_fixup: succeeded,E122,Starting ts_fixup: succeeded
1339,-,1131567043,2005.11.09,tbird-admin1,Nov,9,12:10:43,local@tbird-admin1,rc,,Starting ts_fixup: succeeded,E122,Starting ts_fixup: succeeded
1339,-,1131567043,2005.11.09,tbird-admin1,Nov,9,12:10:43,local@tbird-admin1,rc,,Starting ts_fixup: succeeded,E122,Starting ts_fixup: succeeded
