LineId,Date,Day,Time,Component,Pid,Content,EventId,EventTemplate
1869,Dec,10,11:03:53,LabSZ,25457,fatal: Write failed: Connection reset by peer [preauth],E11,fatal: Write failed: Connection reset by peer [preauth]
1869,Dec,10,11:03:53,LabSZ,25457,fatal: Write failed: Connection reset by peer [preauth],E11,fatal: Write failed: Connection reset by peer [preauth]
1869,Dec,10,11:03:53,LabSZ,25457,fatal: Write failed: Connection reset by peer [preauth],E11,fatal: Write failed: Connection reset by peer [preauth]
1869,Dec,10,11:03:53,LabSZ,25457,fatal: Write failed: Connection reset by peer [preauth],E11,fatal: Write failed: Connection reset by peer [preauth]
1869,Dec,10,11:03:53,LabSZ,25457,fatal: Write failed: Connection reset by peer [preauth],E11,fatal: Write failed: Connection reset by peer [preauth]
1869,Dec,10,11:03:53,LabSZ,25457,fatal: Write failed: Connection reset by peer [preauth],E11,fatal: Write failed: Connection reset by peer [preauth]
1869,Dec,10,11:03:53,LabSZ,25457,fatal: Write failed: Connection reset by peer [preauth],E11,fatal: Write failed: Connection reset by peer [preauth]
1869,Dec,10,11:03:53,LabSZ,25457,fatal: Write failed: Connection reset by peer [preauth],E11,fatal: Write failed: Connection reset by peer [preauth]
1869,Dec,10,11:03:53,LabSZ,25457,fatal: Write failed: Connection reset by peer [preauth],E11,fatal: Write failed: Connection reset by peer [preauth]
1869,Dec,10,11:03:53,LabSZ,25457,fatal: Write failed: Connection reset by peer [preauth],E11,fatal: Write failed: Connection reset by peer [preauth]
1869,Dec,10,11:03:53,LabSZ,25457,fatal: Write failed: Connection reset by peer [preauth],E11,fatal: Write failed: Connection reset by peer [preauth]
222,Dec,10,08:25:22,LabSZ,24369,PAM 4 more authentication failures; logname= uid=0 euid=0 tty=ssh ruser= rhost=5.188.10.180,E16,PAM <*> more authentication failures; logname= uid=<*> euid=<*> tty=ssh ruser= rhost=<*>
387,Dec,10,09:11:41,LabSZ,24437,PAM 4 more authentication failures; logname= uid=0 euid=0 tty=ssh ruser= rhost=185.190.58.151,E16,PAM <*> more authentication failures; logname= uid=<*> euid=<*> tty=ssh ruser= rhost=<*>
222,Dec,10,08:25:22,LabSZ,24369,PAM 4 more authentication failures; logname= uid=0 euid=0 tty=ssh ruser= rhost=5.188.10.180,E16,PAM <*> more authentication failures; logname= uid=<*> euid=<*> tty=ssh ruser= rhost=<*>
238,Dec,10,08:25:41,LabSZ,24371,PAM 4 more authentication failures; logname= uid=0 euid=0 tty=ssh ruser= rhost=5.188.10.180,E16,PAM <*> more authentication failures; logname= uid=<*> euid=<*> tty=ssh ruser= rhost=<*>
316,Dec,10,09:08:59,LabSZ,24419,PAM 2 more authentication failures; logname= uid=0 euid=0 tty=ssh ruser= rhost=185.190.58.151,E16,PAM <*> more authentication failures; logname= uid=<*> euid=<*> tty=ssh ruser= rhost=<*>
387,Dec,10,09:11:41,LabSZ,24437,PAM 4 more authentication failures; logname= uid=0 euid=0 tty=ssh ruser= rhost=185.190.58.151,E16,PAM <*> more authentication failures; logname= uid=<*> euid=<*> tty=ssh ruser= rhost=<*>
238,Dec,10,08:25:41,LabSZ,24371,PAM 4 more authentication failures; logname= uid=0 euid=0 tty=ssh ruser= rhost=5.188.10.180,E16,PAM <*> more authentication failures; logname= uid=<*> euid=<*> tty=ssh ruser= rhost=<*>
331,Dec,10,09:10:32,LabSZ,24421,PAM 4 more authentication failures; logname= uid=0 euid=0 tty=ssh ruser= rhost=185.190.58.151,E16,PAM <*> more authentication failures; logname= uid=<*> euid=<*> tty=ssh ruser= rhost=<*>
476,Dec,10,09:12:27,LabSZ,24455,PAM 1 more authentication failure; logname= uid=0 euid=0 tty=ssh ruser= rhost=185.190.58.151,E15,PAM <*> more authentication failure; logname= uid=<*> euid=<*> tty=ssh ruser= rhost=<*>
387,Dec,10,09:11:41,LabSZ,24437,PAM 4 more authentication failures; logname= uid=0 euid=0 tty=ssh ruser= rhost=185.190.58.151,E16,PAM <*> more authentication failures; logname= uid=<*> euid=<*> tty=ssh ruser= rhost=<*>
331,Dec,10,09:10:32,LabSZ,24421,PAM 4 more authentication failures; logname= uid=0 euid=0 tty=ssh ruser= rhost=185.190.58.151,E16,PAM <*> more authentication failures; logname= uid=<*> euid=<*> tty=ssh ruser= rhost=<*>
331,Dec,10,09:10:32,LabSZ,24421,PAM 4 more authentication failures; logname= uid=0 euid=0 tty=ssh ruser= rhost=185.190.58.151,E16,PAM <*> more authentication failures; logname= uid=<*> euid=<*> tty=ssh ruser= rhost=<*>
387,Dec,10,09:11:41,LabSZ,24437,PAM 4 more authentication failures; logname= uid=0 euid=0 tty=ssh ruser= rhost=185.190.58.151,E16,PAM <*> more authentication failures; logname= uid=<*> euid=<*> tty=ssh ruser= rhost=<*>
238,Dec,10,08:25:41,LabSZ,24371,PAM 4 more authentication failures; logname= uid=0 euid=0 tty=ssh ruser= rhost=5.188.10.180,E16,PAM <*> more authentication failures; logname= uid=<*> euid=<*> tty=ssh ruser= rhost=<*>
1002,Dec,10,10:14:13,LabSZ,24833,PAM 5 more authentication failures; logname= uid=0 euid=0 tty=ssh ruser= rhost=119.4.203.64,E16,PAM <*> more authentication failures; logname= uid=<*> euid=<*> tty=ssh ruser= rhost=<*>
1002,Dec,10,10:14:13,LabSZ,24833,PAM 5 more authentication failures; logname= uid=0 euid=0 tty=ssh ruser= rhost=119.4.203.64,E16,PAM <*> more authentication failures; logname= uid=<*> euid=<*> tty=ssh ruser= rhost=<*>
254,Dec,10,08:26:04,LabSZ,24375,PAM 1 more authentication failure; logname= uid=0 euid=0 tty=ssh ruser= rhost=5.188.10.180,E15,PAM <*> more authentication failure; logname= uid=<*> euid=<*> tty=ssh ruser= rhost=<*>
316,Dec,10,09:08:59,LabSZ,24419,PAM 2 more authentication failures; logname= uid=0 euid=0 tty=ssh ruser= rhost=185.190.58.151,E16,PAM <*> more authentication failures; logname= uid=<*> euid=<*> tty=ssh ruser= rhost=<*>
387,Dec,10,09:11:41,LabSZ,24437,PAM 4 more authentication failures; logname= uid=0 euid=0 tty=ssh ruser= rhost=185.190.58.151,E16,PAM <*> more authentication failures; logname= uid=<*> euid=<*> tty=ssh ruser= rhost=<*>
814,Dec,10,09:18:22,LabSZ,24632,reverse mapping checking getaddrinfo for customer-187-141-143-180-sta.uninet-ide.com.mx [187.141.143.180] failed - POSSIBLE BREAK-IN ATTEMPT!,E27,reverse mapping checking getaddrinfo for <*> [<*>] failed - POSSIBLE BREAK-IN ATTEMPT!
851,Dec,10,09:18:40,LabSZ,24645,reverse mapping checking getaddrinfo for customer-187-141-143-180-sta.uninet-ide.com.mx [187.141.143.180] failed - POSSIBLE BREAK-IN ATTEMPT!,E27,reverse mapping checking getaddrinfo for <*> [<*>] failed - POSSIBLE BREAK-IN ATTEMPT!
842,Dec,10,09:18:33,LabSZ,24641,reverse mapping checking getaddrinfo for customer-187-141-143-180-sta.uninet-ide.com.mx [187.141.143.180] failed - POSSIBLE BREAK-IN ATTEMPT!,E27,reverse mapping checking getaddrinfo for <*> [<*>] failed - POSSIBLE BREAK-IN ATTEMPT!
15,Dec,10,07:08:28,LabSZ,24208,reverse mapping checking getaddrinfo for ns.marryaldkfaczcz.com [173.234.31.186] failed - POSSIBLE BREAK-IN ATTEMPT!,E27,reverse mapping checking getaddrinfo for <*> [<*>] failed - POSSIBLE BREAK-IN ATTEMPT!
147,Dec,10,07:48:00,LabSZ,24321,reverse mapping checking getaddrinfo for 191-210-223-172.user.vivozap.com.br [191.210.223.172] failed - POSSIBLE BREAK-IN ATTEMPT!,E27,reverse mapping checking getaddrinfo for <*> [<*>] failed - POSSIBLE BREAK-IN ATTEMPT!
872,Dec,10,09:18:58,LabSZ,24651,reverse mapping checking getaddrinfo for customer-187-141-143-180-sta.uninet-ide.com.mx [187.141.143.180] failed - POSSIBLE BREAK-IN ATTEMPT!,E27,reverse mapping checking getaddrinfo for <*> [<*>] failed - POSSIBLE BREAK-IN ATTEMPT!
543,Dec,10,09:13:13,LabSZ,24514,reverse mapping checking getaddrinfo for customer-187-141-143-180-sta.uninet-ide.com.mx [187.141.143.180] failed - POSSIBLE BREAK-IN ATTEMPT!,E27,reverse mapping checking getaddrinfo for <*> [<*>] failed - POSSIBLE BREAK-IN ATTEMPT!
680,Dec,10,09:16:17,LabSZ,24583,reverse mapping checking getaddrinfo for customer-187-141-143-180-sta.uninet-ide.com.mx [187.141.143.180] failed - POSSIBLE BREAK-IN ATTEMPT!,E27,reverse mapping checking getaddrinfo for <*> [<*>] failed - POSSIBLE BREAK-IN ATTEMPT!
588,Dec,10,09:14:14,LabSZ,24537,reverse mapping checking getaddrinfo for customer-187-141-143-180-sta.uninet-ide.com.mx [187.141.143.180] failed - POSSIBLE BREAK-IN ATTEMPT!,E27,reverse mapping checking getaddrinfo for <*> [<*>] failed - POSSIBLE BREAK-IN ATTEMPT!
926,Dec,10,09:19:49,LabSZ,24669,reverse mapping checking getaddrinfo for customer-187-141-143-180-sta.uninet-ide.com.mx [187.141.143.180] failed - POSSIBLE BREAK-IN ATTEMPT!,E27,reverse mapping checking getaddrinfo for <*> [<*>] failed - POSSIBLE BREAK-IN ATTEMPT!
1918,Dec,10,11:04:12,LabSZ,25492,Invalid user ubnt from 103.99.0.122,E13,Invalid user <*> from <*>
453,Dec,10,09:12:16,LabSZ,24479,Invalid user admin from 103.99.0.122,E13,Invalid user <*> from <*>
376,Dec,10,09:11:39,LabSZ,24451,Invalid user anonymous from 103.99.0.122,E13,Invalid user <*> from <*>
859,Dec,10,09:18:46,LabSZ,24647,Invalid user oracle from 187.141.143.180,E13,Invalid user <*> from <*>
843,Dec,10,09:18:33,LabSZ,24641,Invalid user deploy from 187.141.143.180,E13,Invalid user <*> from <*>
1873,Dec,10,11:03:54,LabSZ,25465,Invalid user 1234 from 103.99.0.122,E13,Invalid user <*> from <*>
815,Dec,10,09:18:22,LabSZ,24632,Invalid user test from 187.141.143.180,E13,Invalid user <*> from <*>
1176,Dec,10,10:55:54,LabSZ,24964,Invalid user 123 from 183.62.140.253,E13,Invalid user <*> from <*>
382,Dec,10,09:11:41,LabSZ,24453,Invalid user admin from 103.99.0.122,E13,Invalid user <*> from <*>
730,Dec,10,09:17:11,LabSZ,24606,Invalid user oracle from 187.141.143.180,E13,Invalid user <*> from <*>
1948,Dec,10,11:04:25,LabSZ,25513,Invalid user admin from 103.99.0.122,E13,Invalid user <*> from <*>
289,Dec,10,08:44:20,LabSZ,24410,Invalid user matlab from 52.80.34.196,E13,Invalid user <*> from <*>
779,Dec,10,09:17:46,LabSZ,24620,Invalid user ted from 187.141.143.180,E13,Invalid user <*> from <*>
797,Dec,10,09:18:05,LabSZ,24626,Invalid user ghost from 187.141.143.180,E13,Invalid user <*> from <*>
1791,Dec,10,11:02:58,LabSZ,25415,pam_unix(sshd:auth): authentication failure; logname= uid=0 euid=0 tty=ssh ruser= rhost=183.62.140.253  user=root,E20,pam_unix(sshd:auth): authentication failure; logname= uid=<*> euid=<*> tty=ssh ruser= rhost=<*> user=<*>
1278,Dec,10,10:57:04,LabSZ,25037,pam_unix(sshd:auth): authentication failure; logname= uid=0 euid=0 tty=ssh ruser= rhost=183.62.140.253  user=root,E20,pam_unix(sshd:auth): authentication failure; logname= uid=<*> euid=<*> tty=ssh ruser= rhost=<*> user=<*>
1530,Dec,10,11:00:03,LabSZ,25227,pam_unix(sshd:auth): authentication failure; logname= uid=0 euid=0 tty=ssh ruser= rhost=183.62.140.253  user=root,E20,pam_unix(sshd:auth): authentication failure; logname= uid=<*> euid=<*> tty=ssh ruser= rhost=<*> user=<*>
1746,Dec,10,11:02:23,LabSZ,25382,pam_unix(sshd:auth): authentication failure; logname= uid=0 euid=0 tty=ssh ruser= rhost=183.62.140.253  user=root,E20,pam_unix(sshd:auth): authentication failure; logname= uid=<*> euid=<*> tty=ssh ruser= rhost=<*> user=<*>
557,Dec,10,09:13:30,LabSZ,24520,pam_unix(sshd:auth): authentication failure; logname= uid=0 euid=0 tty=ssh ruser= rhost=187.141.143.180  user=root,E20,pam_unix(sshd:auth): authentication failure; logname= uid=<*> euid=<*> tty=ssh ruser= rhost=<*> user=<*>
1389,Dec,10,10:58:26,LabSZ,25123,pam_unix(sshd:auth): authentication failure; logname= uid=0 euid=0 tty=ssh ruser= rhost=183.62.140.253  user=root,E20,pam_unix(sshd:auth): authentication failure; logname= uid=<*> euid=<*> tty=ssh ruser= rhost=<*> user=<*>
1185,Dec,10,10:55:58,LabSZ,24968,pam_unix(sshd:auth): authentication failure; logname= uid=0 euid=0 tty=ssh ruser= rhost=183.62.140.253  user=root,E20,pam_unix(sshd:auth): authentication failure; logname= uid=<*> euid=<*> tty=ssh ruser= rhost=<*> user=<*>
28,Dec,10,07:13:31,LabSZ,24227,pam_unix(sshd:auth): authentication failure; logname= uid=0 euid=0 tty=ssh ruser= rhost=5.36.59.76.dynamic-dsl-ip.omantel.net.om  user=root,E20,pam_unix(sshd:auth): authentication failure; logname= uid=<*> euid=<*> tty=ssh ruser= rhost=<*> user=<*>
28,Dec,10,07:13:31,LabSZ,24227,pam_unix(sshd:auth): authentication failure; logname= uid=0 euid=0 tty=ssh ruser= rhost=5.36.59.76.dynamic-dsl-ip.omantel.net.om  user=root,E20,pam_unix(sshd:auth): authentication failure; logname= uid=<*> euid=<*> tty=ssh ruser= rhost=<*> user=<*>
28,Dec,10,07:13:31,LabSZ,24227,pam_unix(sshd:auth): authentication failure; logname= uid=0 euid=0 tty=ssh ruser= rhost=5.36.59.76.dynamic-dsl-ip.omantel.net.om  user=root,E20,pam_unix(sshd:auth): authentication failure; logname= uid=<*> euid=<*> tty=ssh ruser= rhost=<*> user=<*>
28,Dec,10,07:13:31,LabSZ,24227,pam_unix(sshd:auth): authentication failure; logname= uid=0 euid=0 tty=ssh ruser= rhost=5.36.59.76.dynamic-dsl-ip.omantel.net.om  user=root,E20,pam_unix(sshd:auth): authentication failure; logname= uid=<*> euid=<*> tty=ssh ruser= rhost=<*> user=<*>
28,Dec,10,07:13:31,LabSZ,24227,pam_unix(sshd:auth): authentication failure; logname= uid=0 euid=0 tty=ssh ruser= rhost=5.36.59.76.dynamic-dsl-ip.omantel.net.om  user=root,E20,pam_unix(sshd:auth): authentication failure; logname= uid=<*> euid=<*> tty=ssh ruser= rhost=<*> user=<*>
28,Dec,10,07:13:31,LabSZ,24227,pam_unix(sshd:auth): authentication failure; logname= uid=0 euid=0 tty=ssh ruser= rhost=5.36.59.76.dynamic-dsl-ip.omantel.net.om  user=root,E20,pam_unix(sshd:auth): authentication failure; logname= uid=<*> euid=<*> tty=ssh ruser= rhost=<*> user=<*>
472,Dec,10,09:12:24,LabSZ,24483,error: Received disconnect from 103.99.0.122: 14: No more user authentication methods available. [preauth],E7,error: Received disconnect from <*>: <*>: No more user authentication methods available. [preauth]
381,Dec,10,09:11:41,LabSZ,24451,error: Received disconnect from 103.99.0.122: 14: No more user authentication methods available. [preauth],E7,error: Received disconnect from <*>: <*>: No more user authentication methods available. [preauth]
1890,Dec,10,11:04:00,LabSZ,25472,error: Received disconnect from 103.99.0.122: 14: No more user authentication methods available. [preauth],E7,error: Received disconnect from <*>: <*>: No more user authentication methods available. [preauth]
1968,Dec,10,11:04:33,LabSZ,25521,error: Received disconnect from 103.99.0.122: 14: No more user authentication methods available. [preauth],E7,error: Received disconnect from <*>: <*>: No more user authentication methods available. [preauth]
176,Dec,10,07:56:15,LabSZ,24334,Received disconnect from 103.207.39.165: 11: Closed due to user request. [preauth],E25,Received disconnect from <*>: <*>: Closed due to user request. [preauth]
390,Dec,10,09:11:44,LabSZ,24453,error: Received disconnect from 103.99.0.122: 14: No more user authentication methods available. [preauth],E7,error: Received disconnect from <*>: <*>: No more user authentication methods available. [preauth]
449,Dec,10,09:12:12,LabSZ,24475,error: Received disconnect from 103.99.0.122: 14: No more user authentication methods available. [preauth],E7,error: Received disconnect from <*>: <*>: No more user authentication methods available. [preauth]
442,Dec,10,09:12:09,LabSZ,24473,error: Received disconnect from 103.99.0.122: 14: No more user authentication methods available. [preauth],E7,error: Received disconnect from <*>: <*>: No more user authentication methods available. [preauth]
495,Dec,10,09:12:35,LabSZ,24492,error: Received disconnect from 103.99.0.122: 14: No more user authentication methods available. [preauth],E7,error: Received disconnect from <*>: <*>: No more user authentication methods available. [preauth]
848,Dec,10,09:18:35,LabSZ,24643,Received disconnect from 103.207.39.16: 11: Closed due to user request. [preauth],E25,Received disconnect from <*>: <*>: Closed due to user request. [preauth]
420,Dec,10,09:12:00,LabSZ,24467,error: Received disconnect from 103.99.0.122: 14: No more user authentication methods available. [preauth],E7,error: Received disconnect from <*>: <*>: No more user authentication methods available. [preauth]
420,Dec,10,09:12:00,LabSZ,24467,error: Received disconnect from 103.99.0.122: 14: No more user authentication methods available. [preauth],E7,error: Received disconnect from <*>: <*>: No more user authentication methods available. [preauth]
408,Dec,10,09:11:56,LabSZ,24462,error: Received disconnect from 103.99.0.122: 14: No more user authentication methods available. [preauth],E7,error: Received disconnect from <*>: <*>: No more user authentication methods available. [preauth]
364,Dec,10,09:11:31,LabSZ,24445,error: Received disconnect from 103.99.0.122: 14: No more user authentication methods available. [preauth],E7,error: Received disconnect from <*>: <*>: No more user authentication methods available. [preauth]
452,Dec,10,09:12:15,LabSZ,24477,error: Received disconnect from 103.99.0.122: 14: No more user authentication methods available. [preauth],E7,error: Received disconnect from <*>: <*>: No more user authentication methods available. [preauth]
272,Dec,10,08:33:26,LabSZ,24385,Received disconnect from 103.207.39.212: 11: Closed due to user request. [preauth],E25,Received disconnect from <*>: <*>: Closed due to user request. [preauth]
443,Dec,10,09:12:10,LabSZ,24455,Failed password for invalid user admin from 185.190.58.151 port 49948 ssh2,E10,Failed password for invalid user <*> from <*> port <*> ssh2
372,Dec,10,09:11:34,LabSZ,24437,Failed password for invalid user admin from 185.190.58.151 port 44155 ssh2,E10,Failed password for invalid user <*> from <*> port <*> ssh2
413,Dec,10,09:11:57,LabSZ,24464,Failed password for invalid user cisco from 103.99.0.122 port 58309 ssh2,E10,Failed password for invalid user <*> from <*> port <*> ssh2
395,Dec,10,09:11:47,LabSZ,24456,Failed password for invalid user ubnt from 103.99.0.122 port 60608 ssh2,E10,Failed password for invalid user <*> from <*> port <*> ssh2
762,Dec,10,09:17:33,LabSZ,24614,Failed password for invalid user nagios from 187.141.143.180 port 55761 ssh2,E10,Failed password for invalid user <*> from <*> port <*> ssh2
996,Dec,10,10:14:08,LabSZ,24833,Failed password for invalid user admin from 119.4.203.64 port 2191 ssh2,E10,Failed password for invalid user <*> from <*> port <*> ssh2
339,Dec,10,09:11:11,LabSZ,24437,Failed password for invalid user admin from 185.190.58.151 port 44155 ssh2,E10,Failed password for invalid user <*> from <*> port <*> ssh2
1168,Dec,10,10:55:51,LabSZ,24959,Failed password for invalid user boot from 183.62.140.253 port 48976 ssh2,E10,Failed password for invalid user <*> from <*> port <*> ssh2
962,Dec,10,09:32:42,LabSZ,24787,Failed password for invalid user matlab from 52.80.34.196 port 36060 ssh2,E10,Failed password for invalid user <*> from <*> port <*> ssh2
212,Dec,10,08:25:08,LabSZ,24369,Failed password for invalid user admin from 5.188.10.180 port 60682 ssh2,E10,Failed password for invalid user <*> from <*> port <*> ssh2
1847,Dec,10,11:03:39,LabSZ,25448,Failed password for invalid user admin from 103.99.0.122 port 60150 ssh2,E10,Failed password for invalid user <*> from <*> port <*> ssh2
321,Dec,10,09:09:42,LabSZ,24421,Failed password for invalid user admin from 185.190.58.151 port 41650 ssh2,E10,Failed password for invalid user <*> from <*> port <*> ssh2
1847,Dec,10,11:03:39,LabSZ,25448,Failed password for invalid user admin from 103.99.0.122 port 60150 ssh2,E10,Failed password for invalid user <*> from <*> port <*> ssh2
1943,Dec,10,11:04:23,LabSZ,25505,Failed password for sshd from 103.99.0.122 port 49598 ssh2,E9,Failed password for <*> from <*> port <*> ssh2
1943,Dec,10,11:04:23,LabSZ,25505,Failed password for sshd from 103.99.0.122 port 49598 ssh2,E9,Failed password for <*> from <*> port <*> ssh2
401,Dec,10,09:11:52,LabSZ,24460,Failed password for sshd from 103.99.0.122 port 51359 ssh2,E9,Failed password for <*> from <*> port <*> ssh2
401,Dec,10,09:11:52,LabSZ,24460,Failed password for sshd from 103.99.0.122 port 51359 ssh2,E9,Failed password for <*> from <*> port <*> ssh2
1943,Dec,10,11:04:23,LabSZ,25505,Failed password for sshd from 103.99.0.122 port 49598 ssh2,E9,Failed password for <*> from <*> port <*> ssh2
1943,Dec,10,11:04:23,LabSZ,25505,Failed password for sshd from 103.99.0.122 port 49598 ssh2,E9,Failed password for <*> from <*> port <*> ssh2
1943,Dec,10,11:04:23,LabSZ,25505,Failed password for sshd from 103.99.0.122 port 49598 ssh2,E9,Failed password for <*> from <*> port <*> ssh2
1943,Dec,10,11:04:23,LabSZ,25505,Failed password for sshd from 103.99.0.122 port 49598 ssh2,E9,Failed password for <*> from <*> port <*> ssh2
401,Dec,10,09:11:52,LabSZ,24460,Failed password for sshd from 103.99.0.122 port 51359 ssh2,E9,Failed password for <*> from <*> port <*> ssh2
1943,Dec,10,11:04:23,LabSZ,25505,Failed password for sshd from 103.99.0.122 port 49598 ssh2,E9,Failed password for <*> from <*> port <*> ssh2
1943,Dec,10,11:04:23,LabSZ,25505,Failed password for sshd from 103.99.0.122 port 49598 ssh2,E9,Failed password for <*> from <*> port <*> ssh2
1943,Dec,10,11:04:23,LabSZ,25505,Failed password for sshd from 103.99.0.122 port 49598 ssh2,E9,Failed password for <*> from <*> port <*> ssh2
1432,Dec,10,10:58:59,LabSZ,25153,Failed password for root from 183.62.140.253 port 56319 ssh2,E9,Failed password for <*> from <*> port <*> ssh2
1645,Dec,10,11:01:16,LabSZ,25309,Failed password for root from 183.62.140.253 port 54395 ssh2,E9,Failed password for <*> from <*> port <*> ssh2
1576,Dec,10,11:00:34,LabSZ,25259,Failed password for root from 183.62.140.253 port 46401 ssh2,E9,Failed password for <*> from <*> port <*> ssh2
1681,Dec,10,11:01:40,LabSZ,25334,Failed password for root from 183.62.140.253 port 58824 ssh2,E9,Failed password for <*> from <*> port <*> ssh2
62,Dec,10,07:28:12,LabSZ,24251,Failed password for root from 112.95.230.3 port 58304 ssh2,E9,Failed password for <*> from <*> port <*> ssh2
545,Dec,10,09:13:15,LabSZ,24514,Failed password for root from 187.141.143.180 port 39319 ssh2,E9,Failed password for <*> from <*> port <*> ssh2
618,Dec,10,09:14:54,LabSZ,24551,Failed password for root from 187.141.143.180 port 34001 ssh2,E9,Failed password for <*> from <*> port <*> ssh2
1318,Dec,10,10:57:36,LabSZ,25065,Failed password for root from 183.62.140.253 port 40676 ssh2,E9,Failed password for <*> from <*> port <*> ssh2
1705,Dec,10,11:01:57,LabSZ,25352,Failed password for root from 183.62.140.253 port 33581 ssh2,E9,Failed password for <*> from <*> port <*> ssh2
1105,Dec,10,10:55:17,LabSZ,24925,Failed password for root from 183.62.140.253 port 42606 ssh2,E9,Failed password for <*> from <*> port <*> ssh2
30,Dec,10,07:13:56,LabSZ,24227,message repeated 5 times: [ Failed password for root from 5.36.59.76 port 42393 ssh2],E14,message repeated <*> times: [ Failed password for root from <*> port <*>]
30,Dec,10,07:13:56,LabSZ,24227,message repeated 5 times: [ Failed password for root from 5.36.59.76 port 42393 ssh2],E14,message repeated <*> times: [ Failed password for root from <*> port <*>]
30,Dec,10,07:13:56,LabSZ,24227,message repeated 5 times: [ Failed password for root from 5.36.59.76 port 42393 ssh2],E14,message repeated <*> times: [ Failed password for root from <*> port <*>]
285,Dec,10,08:39:59,LabSZ,24408,message repeated 5 times: [ Failed password for root from 106.5.5.195 port 50719 ssh2],E14,message repeated <*> times: [ Failed password for root from <*> port <*>]
285,Dec,10,08:39:59,LabSZ,24408,message repeated 5 times: [ Failed password for root from 106.5.5.195 port 50719 ssh2],E14,message repeated <*> times: [ Failed password for root from <*> port <*>]
30,Dec,10,07:13:56,LabSZ,24227,message repeated 5 times: [ Failed password for root from 5.36.59.76 port 42393 ssh2],E14,message repeated <*> times: [ Failed password for root from <*> port <*>]
285,Dec,10,08:39:59,LabSZ,24408,message repeated 5 times: [ Failed password for root from 106.5.5.195 port 50719 ssh2],E14,message repeated <*> times: [ Failed password for root from <*> port <*>]
30,Dec,10,07:13:56,LabSZ,24227,message repeated 5 times: [ Failed password for root from 5.36.59.76 port 42393 ssh2],E14,message repeated <*> times: [ Failed password for root from <*> port <*>]
32,Dec,10,07:13:56,LabSZ,24227,PAM 5 more authentication failures; logname= uid=0 euid=0 tty=ssh ruser= rhost=5.36.59.76.dynamic-dsl-ip.omantel.net.om  user=root,E17,PAM <*> more authentication failures; logname= uid=<*> euid=<*> tty=ssh ruser= rhost=<*>  user=root
32,Dec,10,07:13:56,LabSZ,24227,PAM 5 more authentication failures; logname= uid=0 euid=0 tty=ssh ruser= rhost=5.36.59.76.dynamic-dsl-ip.omantel.net.om  user=root,E17,PAM <*> more authentication failures; logname= uid=<*> euid=<*> tty=ssh ruser= rhost=<*>  user=root
32,Dec,10,07:13:56,LabSZ,24227,PAM 5 more authentication failures; logname= uid=0 euid=0 tty=ssh ruser= rhost=5.36.59.76.dynamic-dsl-ip.omantel.net.om  user=root,E17,PAM <*> more authentication failures; logname= uid=<*> euid=<*> tty=ssh ruser= rhost=<*>  user=root
32,Dec,10,07:13:56,LabSZ,24227,PAM 5 more authentication failures; logname= uid=0 euid=0 tty=ssh ruser= rhost=5.36.59.76.dynamic-dsl-ip.omantel.net.om  user=root,E17,PAM <*> more authentication failures; logname= uid=<*> euid=<*> tty=ssh ruser= rhost=<*>  user=root
32,Dec,10,07:13:56,LabSZ,24227,PAM 5 more authentication failures; logname= uid=0 euid=0 tty=ssh ruser= rhost=5.36.59.76.dynamic-dsl-ip.omantel.net.om  user=root,E17,PAM <*> more authentication failures; logname= uid=<*> euid=<*> tty=ssh ruser= rhost=<*>  user=root
287,Dec,10,08:39:59,LabSZ,24408,PAM 5 more authentication failures; logname= uid=0 euid=0 tty=ssh ruser= rhost=106.5.5.195  user=root,E17,PAM <*> more authentication failures; logname= uid=<*> euid=<*> tty=ssh ruser= rhost=<*>  user=root
287,Dec,10,08:39:59,LabSZ,24408,PAM 5 more authentication failures; logname= uid=0 euid=0 tty=ssh ruser= rhost=106.5.5.195  user=root,E17,PAM <*> more authentication failures; logname= uid=<*> euid=<*> tty=ssh ruser= rhost=<*>  user=root
287,Dec,10,08:39:59,LabSZ,24408,PAM 5 more authentication failures; logname= uid=0 euid=0 tty=ssh ruser= rhost=106.5.5.195  user=root,E17,PAM <*> more authentication failures; logname= uid=<*> euid=<*> tty=ssh ruser= rhost=<*>  user=root
287,Dec,10,08:39:59,LabSZ,24408,PAM 5 more authentication failures; logname= uid=0 euid=0 tty=ssh ruser= rhost=106.5.5.195  user=root,E17,PAM <*> more authentication failures; logname= uid=<*> euid=<*> tty=ssh ruser= rhost=<*>  user=root
287,Dec,10,08:39:59,LabSZ,24408,PAM 5 more authentication failures; logname= uid=0 euid=0 tty=ssh ruser= rhost=106.5.5.195  user=root,E17,PAM <*> more authentication failures; logname= uid=<*> euid=<*> tty=ssh ruser= rhost=<*>  user=root
287,Dec,10,08:39:59,LabSZ,24408,PAM 5 more authentication failures; logname= uid=0 euid=0 tty=ssh ruser= rhost=106.5.5.195  user=root,E17,PAM <*> more authentication failures; logname= uid=<*> euid=<*> tty=ssh ruser= rhost=<*>  user=root
836,Dec,10,09:18:33,LabSZ,24639,Failed password for uucp from 103.207.39.16 port 42435 ssh2,E9,Failed password for <*> from <*> port <*> ssh2
1162,Dec,10,10:55:49,LabSZ,24957,Failed password for git from 183.62.140.253 port 48527 ssh2,E9,Failed password for <*> from <*> port <*> ssh2
1162,Dec,10,10:55:49,LabSZ,24957,Failed password for git from 183.62.140.253 port 48527 ssh2,E9,Failed password for <*> from <*> port <*> ssh2
474,Dec,10,09:12:26,LabSZ,24485,Failed password for ftp from 103.99.0.122 port 56079 ssh2,E9,Failed password for <*> from <*> port <*> ssh2
836,Dec,10,09:18:33,LabSZ,24639,Failed password for uucp from 103.207.39.16 port 42435 ssh2,E9,Failed password for <*> from <*> port <*> ssh2
956,Dec,10,09:32:20,LabSZ,24680,Accepted password for fztu from 119.137.62.142 port 49116 ssh2,E1,Accepted password for <*> from <*> port <*> ssh2
1934,Dec,10,11:04:18,LabSZ,25499,Failed password for uucp from 103.99.0.122 port 65454 ssh2,E9,Failed password for <*> from <*> port <*> ssh2
256,Dec,10,08:26:12,LabSZ,24377,Failed password for ftp from 5.188.10.180 port 54715 ssh2,E9,Failed password for <*> from <*> port <*> ssh2
956,Dec,10,09:32:20,LabSZ,24680,Accepted password for fztu from 119.137.62.142 port 49116 ssh2,E1,Accepted password for <*> from <*> port <*> ssh2
161,Dec,10,07:51:20,LabSZ,24326,Failed password for uucp from 195.154.37.122 port 59266 ssh2,E9,Failed password for <*> from <*> port <*> ssh2
31,Dec,10,07:13:56,LabSZ,24227,Disconnecting: Too many authentication failures for root [preauth],E5,Disconnecting: Too many authentication failures for root [preauth]
31,Dec,10,07:13:56,LabSZ,24227,Disconnecting: Too many authentication failures for root [preauth],E5,Disconnecting: Too many authentication failures for root [preauth]
31,Dec,10,07:13:56,LabSZ,24227,Disconnecting: Too many authentication failures for root [preauth],E5,Disconnecting: Too many authentication failures for root [preauth]
31,Dec,10,07:13:56,LabSZ,24227,Disconnecting: Too many authentication failures for root [preauth],E5,Disconnecting: Too many authentication failures for root [preauth]
286,Dec,10,08:39:59,LabSZ,24408,Disconnecting: Too many authentication failures for root [preauth],E5,Disconnecting: Too many authentication failures for root [preauth]
31,Dec,10,07:13:56,LabSZ,24227,Disconnecting: Too many authentication failures for root [preauth],E5,Disconnecting: Too many authentication failures for root [preauth]
31,Dec,10,07:13:56,LabSZ,24227,Disconnecting: Too many authentication failures for root [preauth],E5,Disconnecting: Too many authentication failures for root [preauth]
286,Dec,10,08:39:59,LabSZ,24408,Disconnecting: Too many authentication failures for root [preauth],E5,Disconnecting: Too many authentication failures for root [preauth]
286,Dec,10,08:39:59,LabSZ,24408,Disconnecting: Too many authentication failures for root [preauth],E5,Disconnecting: Too many authentication failures for root [preauth]
286,Dec,10,08:39:59,LabSZ,24408,Disconnecting: Too many authentication failures for root [preauth],E5,Disconnecting: Too many authentication failures for root [preauth]
286,Dec,10,08:39:59,LabSZ,24408,Disconnecting: Too many authentication failures for root [preauth],E5,Disconnecting: Too many authentication failures for root [preauth]
31,Dec,10,07:13:56,LabSZ,24227,Disconnecting: Too many authentication failures for root [preauth],E5,Disconnecting: Too many authentication failures for root [preauth]
31,Dec,10,07:13:56,LabSZ,24227,Disconnecting: Too many authentication failures for root [preauth],E5,Disconnecting: Too many authentication failures for root [preauth]
286,Dec,10,08:39:59,LabSZ,24408,Disconnecting: Too many authentication failures for root [preauth],E5,Disconnecting: Too many authentication failures for root [preauth]
31,Dec,10,07:13:56,LabSZ,24227,Disconnecting: Too many authentication failures for root [preauth],E5,Disconnecting: Too many authentication failures for root [preauth]
286,Dec,10,08:39:59,LabSZ,24408,Disconnecting: Too many authentication failures for root [preauth],E5,Disconnecting: Too many authentication failures for root [preauth]
31,Dec,10,07:13:56,LabSZ,24227,Disconnecting: Too many authentication failures for root [preauth],E5,Disconnecting: Too many authentication failures for root [preauth]
551,Dec,10,09:13:22,LabSZ,24511,Did not receive identification string from 185.190.58.151,E3,Did not receive identification string from <*>
139,Dec,10,07:34:33,LabSZ,24301,Did not receive identification string from 123.235.32.19,E3,Did not receive identification string from <*>
821,Dec,10,09:18:27,LabSZ,24636,Did not receive identification string from 103.207.39.16,E3,Did not receive identification string from <*>
140,Dec,10,07:35:15,LabSZ,24303,Did not receive identification string from 177.79.82.136,E3,Did not receive identification string from <*>
151,Dec,10,07:51:09,LabSZ,24323,Did not receive identification string from 195.154.37.122,E3,Did not receive identification string from <*>
151,Dec,10,07:51:09,LabSZ,24323,Did not receive identification string from 195.154.37.122,E3,Did not receive identification string from <*>
139,Dec,10,07:34:33,LabSZ,24301,Did not receive identification string from 123.235.32.19,E3,Did not receive identification string from <*>
151,Dec,10,07:51:09,LabSZ,24323,Did not receive identification string from 195.154.37.122,E3,Did not receive identification string from <*>
151,Dec,10,07:51:09,LabSZ,24323,Did not receive identification string from 195.154.37.122,E3,Did not receive identification string from <*>
551,Dec,10,09:13:22,LabSZ,24511,Did not receive identification string from 185.190.58.151,E3,Did not receive identification string from <*>
139,Dec,10,07:34:33,LabSZ,24301,Did not receive identification string from 123.235.32.19,E3,Did not receive identification string from <*>
295,Dec,10,09:04:46,LabSZ,24414,Did not receive identification string from 188.132.244.89,E3,Did not receive identification string from <*>
821,Dec,10,09:18:27,LabSZ,24636,Did not receive identification string from 103.207.39.16,E3,Did not receive identification string from <*>
265,Dec,10,08:26:40,LabSZ,24383,Did not receive identification string from 5.188.10.180,E3,Did not receive identification string from <*>
1688,Dec,10,11:01:44,LabSZ,25338,Received disconnect from 183.62.140.253: 11: Bye Bye [preauth],E24,Received disconnect from <*>: <*>: Bye Bye [preauth]
183,Dec,10,08:08:43,LabSZ,24338,Received disconnect from 175.102.13.6: 11: Bye Bye [preauth],E24,Received disconnect from <*>: <*>: Bye Bye [preauth]
1904,Dec,10,11:04:06,LabSZ,25482,Received disconnect from 183.62.140.253: 11: Bye Bye [preauth],E24,Received disconnect from <*>: <*>: Bye Bye [preauth]
892,Dec,10,09:19:11,LabSZ,24655,Received disconnect from 187.141.143.180: 11: Bye Bye [preauth],E24,Received disconnect from <*>: <*>: Bye Bye [preauth]
1346,Dec,10,10:57:56,LabSZ,25087,Received disconnect from 183.62.140.253: 11: Bye Bye [preauth],E24,Received disconnect from <*>: <*>: Bye Bye [preauth]
979,Dec,10,10:05:03,LabSZ,24813,Received disconnect from 60.2.12.12: 11: Bye Bye [preauth],E24,Received disconnect from <*>: <*>: Bye Bye [preauth]
903,Dec,10,09:19:23,LabSZ,24659,Received disconnect from 187.141.143.180: 11: Bye Bye [preauth],E24,Received disconnect from <*>: <*>: Bye Bye [preauth]
1307,Dec,10,10:57:26,LabSZ,25056,Received disconnect from 183.62.140.253: 11: Bye Bye [preauth],E24,Received disconnect from <*>: <*>: Bye Bye [preauth]
1334,Dec,10,10:57:47,LabSZ,25077,Received disconnect from 183.62.140.253: 11: Bye Bye [preauth],E24,Received disconnect from <*>: <*>: Bye Bye [preauth]
1637,Dec,10,11:01:10,LabSZ,25302,Received disconnect from 183.62.140.253: 11: Bye Bye [preauth],E24,Received disconnect from <*>: <*>: Bye Bye [preauth]
1095,Dec,10,10:55:10,LabSZ,24914,Received disconnect from 202.100.179.208: 11: Bye Bye [preauth],E24,Received disconnect from <*>: <*>: Bye Bye [preauth]
1127,Dec,10,10:55:33,LabSZ,24939,Received disconnect from 183.62.140.253: 11: Bye Bye [preauth],E24,Received disconnect from <*>: <*>: Bye Bye [preauth]
1271,Dec,10,10:57:00,LabSZ,25030,Received disconnect from 183.62.140.253: 11: Bye Bye [preauth],E24,Received disconnect from <*>: <*>: Bye Bye [preauth]
964,Dec,10,09:45:06,LabSZ,24761,Received disconnect from 119.137.62.142: 11: disconnected by user,E26,Received disconnect from <*>: <*>: disconnected by user
964,Dec,10,09:45:06,LabSZ,24761,Received disconnect from 119.137.62.142: 11: disconnected by user,E26,Received disconnect from <*>: <*>: disconnected by user
964,Dec,10,09:45:06,LabSZ,24761,Received disconnect from 119.137.62.142: 11: disconnected by user,E26,Received disconnect from <*>: <*>: disconnected by user
964,Dec,10,09:45:06,LabSZ,24761,Received disconnect from 119.137.62.142: 11: disconnected by user,E26,Received disconnect from <*>: <*>: disconnected by user
964,Dec,10,09:45:06,LabSZ,24761,Received disconnect from 119.137.62.142: 11: disconnected by user,E26,Received disconnect from <*>: <*>: disconnected by user
964,Dec,10,09:45:06,LabSZ,24761,Received disconnect from 119.137.62.142: 11: disconnected by user,E26,Received disconnect from <*>: <*>: disconnected by user
964,Dec,10,09:45:06,LabSZ,24761,Received disconnect from 119.137.62.142: 11: disconnected by user,E26,Received disconnect from <*>: <*>: disconnected by user
964,Dec,10,09:45:06,LabSZ,24761,Received disconnect from 119.137.62.142: 11: disconnected by user,E26,Received disconnect from <*>: <*>: disconnected by user
964,Dec,10,09:45:06,LabSZ,24761,Received disconnect from 119.137.62.142: 11: disconnected by user,E26,Received disconnect from <*>: <*>: disconnected by user
964,Dec,10,09:45:06,LabSZ,24761,Received disconnect from 119.137.62.142: 11: disconnected by user,E26,Received disconnect from <*>: <*>: disconnected by user
964,Dec,10,09:45:06,LabSZ,24761,Received disconnect from 119.137.62.142: 11: disconnected by user,E26,Received disconnect from <*>: <*>: disconnected by user
964,Dec,10,09:45:06,LabSZ,24761,Received disconnect from 119.137.62.142: 11: disconnected by user,E26,Received disconnect from <*>: <*>: disconnected by user
964,Dec,10,09:45:06,LabSZ,24761,Received disconnect from 119.137.62.142: 11: disconnected by user,E26,Received disconnect from <*>: <*>: disconnected by user
964,Dec,10,09:45:06,LabSZ,24761,Received disconnect from 119.137.62.142: 11: disconnected by user,E26,Received disconnect from <*>: <*>: disconnected by user
964,Dec,10,09:45:06,LabSZ,24761,Received disconnect from 119.137.62.142: 11: disconnected by user,E26,Received disconnect from <*>: <*>: disconnected by user
964,Dec,10,09:45:06,LabSZ,24761,Received disconnect from 119.137.62.142: 11: disconnected by user,E26,Received disconnect from <*>: <*>: disconnected by user
345,Dec,10,09:11:20,LabSZ,24439,pam_unix(sshd:auth): authentication failure; logname= uid=0 euid=0 tty=ssh ruser= rhost=103.99.0.122,E19,pam_unix(sshd:auth): authentication failure; logname= uid=<*> euid=<*> tty=ssh ruser= rhost=<*>
279,Dec,10,08:33:29,LabSZ,24389,pam_unix(sshd:auth): authentication failure; logname= uid=0 euid=0 tty=ssh ruser= rhost=103.207.39.212,E19,pam_unix(sshd:auth): authentication failure; logname= uid=<*> euid=<*> tty=ssh ruser= rhost=<*>
456,Dec,10,09:12:16,LabSZ,24479,pam_unix(sshd:auth): authentication failure; logname= uid=0 euid=0 tty=ssh ruser= rhost=103.99.0.122,E19,pam_unix(sshd:auth): authentication failure; logname= uid=<*> euid=<*> tty=ssh ruser= rhost=<*>
876,Dec,10,09:18:58,LabSZ,24651,pam_unix(sshd:auth): authentication failure; logname= uid=0 euid=0 tty=ssh ruser= rhost=187.141.143.180,E19,pam_unix(sshd:auth): authentication failure; logname= uid=<*> euid=<*> tty=ssh ruser= rhost=<*>
862,Dec,10,09:18:46,LabSZ,24647,pam_unix(sshd:auth): authentication failure; logname= uid=0 euid=0 tty=ssh ruser= rhost=187.141.143.180,E19,pam_unix(sshd:auth): authentication failure; logname= uid=<*> euid=<*> tty=ssh ruser= rhost=<*>
961,Dec,10,09:32:35,LabSZ,24787,pam_unix(sshd:auth): authentication failure; logname= uid=0 euid=0 tty=ssh ruser= rhost=ec2-52-80-34-196.cn-north-1.compute.amazonaws.com.cn,E19,pam_unix(sshd:auth): authentication failure; logname= uid=<*> euid=<*> tty=ssh ruser= rhost=<*>
12,Dec,10,07:07:38,LabSZ,24206,pam_unix(sshd:auth): authentication failure; logname= uid=0 euid=0 tty=ssh ruser= rhost=ec2-52-80-34-196.cn-north-1.compute.amazonaws.com.cn,E19,pam_unix(sshd:auth): authentication failure; logname= uid=<*> euid=<*> tty=ssh ruser= rhost=<*>
12,Dec,10,07:07:38,LabSZ,24206,pam_unix(sshd:auth): authentication failure; logname= uid=0 euid=0 tty=ssh ruser= rhost=ec2-52-80-34-196.cn-north-1.compute.amazonaws.com.cn,E19,pam_unix(sshd:auth): authentication failure; logname= uid=<*> euid=<*> tty=ssh ruser= rhost=<*>
167,Dec,10,07:55:55,LabSZ,24331,pam_unix(sshd:auth): authentication failure; logname= uid=0 euid=0 tty=ssh ruser= rhost=ec2-52-80-34-196.cn-north-1.compute.amazonaws.com.cn,E19,pam_unix(sshd:auth): authentication failure; logname= uid=<*> euid=<*> tty=ssh ruser= rhost=<*>
292,Dec,10,08:44:20,LabSZ,24410,pam_unix(sshd:auth): authentication failure; logname= uid=0 euid=0 tty=ssh ruser= rhost=ec2-52-80-34-196.cn-north-1.compute.amazonaws.com.cn,E19,pam_unix(sshd:auth): authentication failure; logname= uid=<*> euid=<*> tty=ssh ruser= rhost=<*>
1008,Dec,10,10:21:01,LabSZ,24841,pam_unix(sshd:auth): authentication failure; logname= uid=0 euid=0 tty=ssh ruser= rhost=ec2-52-80-34-196.cn-north-1.compute.amazonaws.com.cn,E19,pam_unix(sshd:auth): authentication failure; logname= uid=<*> euid=<*> tty=ssh ruser= rhost=<*>
292,Dec,10,08:44:20,LabSZ,24410,pam_unix(sshd:auth): authentication failure; logname= uid=0 euid=0 tty=ssh ruser= rhost=ec2-52-80-34-196.cn-north-1.compute.amazonaws.com.cn,E19,pam_unix(sshd:auth): authentication failure; logname= uid=<*> euid=<*> tty=ssh ruser= rhost=<*>
1001,Dec,10,10:14:13,LabSZ,24833,Disconnecting: Too many authentication failures for admin [preauth],E4,Disconnecting: Too many authentication failures for admin [preauth]
1001,Dec,10,10:14:13,LabSZ,24833,Disconnecting: Too many authentication failures for admin [preauth],E4,Disconnecting: Too many authentication failures for admin [preauth]
1001,Dec,10,10:14:13,LabSZ,24833,Disconnecting: Too many authentication failures for admin [preauth],E4,Disconnecting: Too many authentication failures for admin [preauth]
1001,Dec,10,10:14:13,LabSZ,24833,Disconnecting: Too many authentication failures for admin [preauth],E4,Disconnecting: Too many authentication failures for admin [preauth]
1001,Dec,10,10:14:13,LabSZ,24833,Disconnecting: Too many authentication failures for admin [preauth],E4,Disconnecting: Too many authentication failures for admin [preauth]
1001,Dec,10,10:14:13,LabSZ,24833,Disconnecting: Too many authentication failures for admin [preauth],E4,Disconnecting: Too many authentication failures for admin [preauth]
1001,Dec,10,10:14:13,LabSZ,24833,Disconnecting: Too many authentication failures for admin [preauth],E4,Disconnecting: Too many authentication failures for admin [preauth]
1001,Dec,10,10:14:13,LabSZ,24833,Disconnecting: Too many authentication failures for admin [preauth],E4,Disconnecting: Too many authentication failures for admin [preauth]
1001,Dec,10,10:14:13,LabSZ,24833,Disconnecting: Too many authentication failures for admin [preauth],E4,Disconnecting: Too many authentication failures for admin [preauth]
1001,Dec,10,10:14:13,LabSZ,24833,Disconnecting: Too many authentication failures for admin [preauth],E4,Disconnecting: Too many authentication failures for admin [preauth]
1001,Dec,10,10:14:13,LabSZ,24833,Disconnecting: Too many authentication failures for admin [preauth],E4,Disconnecting: Too many authentication failures for admin [preauth]
1001,Dec,10,10:14:13,LabSZ,24833,Disconnecting: Too many authentication failures for admin [preauth],E4,Disconnecting: Too many authentication failures for admin [preauth]
1001,Dec,10,10:14:13,LabSZ,24833,Disconnecting: Too many authentication failures for admin [preauth],E4,Disconnecting: Too many authentication failures for admin [preauth]
288,Dec,10,08:39:59,LabSZ,24408,PAM service(sshd) ignoring max retries; 6 > 3,E18,PAM service(sshd) ignoring max retries; <*> > <*>
33,Dec,10,07:13:56,LabSZ,24227,PAM service(sshd) ignoring max retries; 6 > 3,E18,PAM service(sshd) ignoring max retries; <*> > <*>
239,Dec,10,08:25:41,LabSZ,24371,PAM service(sshd) ignoring max retries; 5 > 3,E18,PAM service(sshd) ignoring max retries; <*> > <*>
33,Dec,10,07:13:56,LabSZ,24227,PAM service(sshd) ignoring max retries; 6 > 3,E18,PAM service(sshd) ignoring max retries; <*> > <*>
33,Dec,10,07:13:56,LabSZ,24227,PAM service(sshd) ignoring max retries; 6 > 3,E18,PAM service(sshd) ignoring max retries; <*> > <*>
223,Dec,10,08:25:22,LabSZ,24369,PAM service(sshd) ignoring max retries; 5 > 3,E18,PAM service(sshd) ignoring max retries; <*> > <*>
33,Dec,10,07:13:56,LabSZ,24227,PAM service(sshd) ignoring max retries; 6 > 3,E18,PAM service(sshd) ignoring max retries; <*> > <*>
33,Dec,10,07:13:56,LabSZ,24227,PAM service(sshd) ignoring max retries; 6 > 3,E18,PAM service(sshd) ignoring max retries; <*> > <*>
1003,Dec,10,10:14:13,LabSZ,24833,PAM service(sshd) ignoring max retries; 6 > 3,E18,PAM service(sshd) ignoring max retries; <*> > <*>
332,Dec,10,09:10:32,LabSZ,24421,PAM service(sshd) ignoring max retries; 5 > 3,E18,PAM service(sshd) ignoring max retries; <*> > <*>
388,Dec,10,09:11:41,LabSZ,24437,PAM service(sshd) ignoring max retries; 5 > 3,E18,PAM service(sshd) ignoring max retries; <*> > <*>
239,Dec,10,08:25:41,LabSZ,24371,PAM service(sshd) ignoring max retries; 5 > 3,E18,PAM service(sshd) ignoring max retries; <*> > <*>
239,Dec,10,08:25:41,LabSZ,24371,PAM service(sshd) ignoring max retries; 5 > 3,E18,PAM service(sshd) ignoring max retries; <*> > <*>
1003,Dec,10,10:14:13,LabSZ,24833,PAM service(sshd) ignoring max retries; 6 > 3,E18,PAM service(sshd) ignoring max retries; <*> > <*>
288,Dec,10,08:39:59,LabSZ,24408,PAM service(sshd) ignoring max retries; 6 > 3,E18,PAM service(sshd) ignoring max retries; <*> > <*>
388,Dec,10,09:11:41,LabSZ,24437,PAM service(sshd) ignoring max retries; 5 > 3,E18,PAM service(sshd) ignoring max retries; <*> > <*>
237,Dec,10,08:25:41,LabSZ,24371,Connection closed by 5.188.10.180 [preauth],E2,Connection closed by <*> [preauth]
299,Dec,10,09:07:24,LabSZ,24415,Connection closed by 185.190.58.151 [preauth],E2,Connection closed by <*> [preauth]
8,Dec,10,07:02:47,LabSZ,24203,Connection closed by 212.47.254.145 [preauth],E2,Connection closed by <*> [preauth]
299,Dec,10,09:07:24,LabSZ,24415,Connection closed by 185.190.58.151 [preauth],E2,Connection closed by <*> [preauth]
299,Dec,10,09:07:24,LabSZ,24415,Connection closed by 185.190.58.151 [preauth],E2,Connection closed by <*> [preauth]
253,Dec,10,08:26:04,LabSZ,24375,Connection closed by 5.188.10.180 [preauth],E2,Connection closed by <*> [preauth]
253,Dec,10,08:26:04,LabSZ,24375,Connection closed by 5.188.10.180 [preauth],E2,Connection closed by <*> [preauth]
330,Dec,10,09:10:32,LabSZ,24421,Connection closed by 185.190.58.151 [preauth],E2,Connection closed by <*> [preauth]
177,Dec,10,08:07:00,LabSZ,24336,Connection closed by 194.190.163.22 [preauth],E2,Connection closed by <*> [preauth]
475,Dec,10,09:12:27,LabSZ,24455,Connection closed by 185.190.58.151 [preauth],E2,Connection closed by <*> [preauth]
150,Dec,10,07:48:03,LabSZ,24321,Connection closed by 191.210.223.172 [preauth],E2,Connection closed by <*> [preauth]
237,Dec,10,08:25:41,LabSZ,24371,Connection closed by 5.188.10.180 [preauth],E2,Connection closed by <*> [preauth]
190,Dec,10,08:24:36,LabSZ,24361,Connection closed by 5.188.10.180 [preauth],E2,Connection closed by <*> [preauth]
282,Dec,10,08:33:40,LabSZ,24391,Connection closed by 194.190.163.22 [preauth],E2,Connection closed by <*> [preauth]
7,Dec,10,06:55:48,LabSZ,24200,Connection closed by 173.234.31.186 [preauth],E2,Connection closed by <*> [preauth]
184,Dec,10,08:20:23,LabSZ,24358,Connection closed by 194.190.163.22 [preauth],E2,Connection closed by <*> [preauth]
1620,Dec,10,11:00:59,LabSZ,25283,Connection closed by 88.147.143.242 [preauth],E2,Connection closed by <*> [preauth]
799,Dec,10,09:18:05,LabSZ,24626,pam_unix(sshd:auth): check pass; user unknown,E21,pam_unix(sshd:auth): check pass; user unknown
718,Dec,10,09:16:59,LabSZ,24599,pam_unix(sshd:auth): check pass; user unknown,E21,pam_unix(sshd:auth): check pass; user unknown
462,Dec,10,09:12:20,LabSZ,24481,pam_unix(sshd:auth): check pass; user unknown,E21,pam_unix(sshd:auth): check pass; user unknown
1842,Dec,10,11:03:37,LabSZ,25448,pam_unix(sshd:auth): check pass; user unknown,E21,pam_unix(sshd:auth): check pass; user unknown
273,Dec,10,08:33:27,LabSZ,24387,pam_unix(sshd:auth): authentication failure; logname= uid=0 euid=0 tty=ssh ruser= rhost=103.207.39.212  user=uucp,E20,pam_unix(sshd:auth): authentication failure; logname= uid=<*> euid=<*> tty=ssh ruser= rhost=<*> user=<*>
901,Dec,10,09:19:20,LabSZ,24659,pam_unix(sshd:auth): authentication failure; logname= uid=0 euid=0 tty=ssh ruser= rhost=187.141.143.180  user=mysql,E20,pam_unix(sshd:auth): authentication failure; logname= uid=<*> euid=<*> tty=ssh ruser= rhost=<*> user=<*>
1161,Dec,10,10:55:47,LabSZ,24957,pam_unix(sshd:auth): authentication failure; logname= uid=0 euid=0 tty=ssh ruser= rhost=183.62.140.253  user=git,E20,pam_unix(sshd:auth): authentication failure; logname= uid=<*> euid=<*> tty=ssh ruser= rhost=<*> user=<*>
901,Dec,10,09:19:20,LabSZ,24659,pam_unix(sshd:auth): authentication failure; logname= uid=0 euid=0 tty=ssh ruser= rhost=187.141.143.180  user=mysql,E20,pam_unix(sshd:auth): authentication failure; logname= uid=<*> euid=<*> tty=ssh ruser= rhost=<*> user=<*>
473,Dec,10,09:12:24,LabSZ,24485,pam_unix(sshd:auth): authentication failure; logname= uid=0 euid=0 tty=ssh ruser= rhost=103.99.0.122  user=ftp,E20,pam_unix(sshd:auth): authentication failure; logname= uid=<*> euid=<*> tty=ssh ruser= rhost=<*> user=<*>
473,Dec,10,09:12:24,LabSZ,24485,pam_unix(sshd:auth): authentication failure; logname= uid=0 euid=0 tty=ssh ruser= rhost=103.99.0.122  user=ftp,E20,pam_unix(sshd:auth): authentication failure; logname= uid=<*> euid=<*> tty=ssh ruser= rhost=<*> user=<*>
901,Dec,10,09:19:20,LabSZ,24659,pam_unix(sshd:auth): authentication failure; logname= uid=0 euid=0 tty=ssh ruser= rhost=187.141.143.180  user=mysql,E20,pam_unix(sshd:auth): authentication failure; logname= uid=<*> euid=<*> tty=ssh ruser= rhost=<*> user=<*>
957,Dec,10,09:32:20,LabSZ,24680,pam_unix(sshd:session): session opened for user fztu by (uid=0),E23,pam_unix(sshd:session): session opened for user <*> by (uid=<*>)
965,Dec,10,09:45:06,LabSZ,24680,pam_unix(sshd:session): session closed for user fztu,E22,pam_unix(sshd:session): session closed for user <*>
965,Dec,10,09:45:06,LabSZ,24680,pam_unix(sshd:session): session closed for user fztu,E22,pam_unix(sshd:session): session closed for user <*>
83,Dec,10,07:28:25,LabSZ,24265,input_userauth_request: invalid user utsims [preauth],E12,input_userauth_request: invalid user <*> [preauth]
826,Dec,10,09:18:28,LabSZ,24634,input_userauth_request: invalid user deploy [preauth],E12,input_userauth_request: invalid user <*> [preauth]
172,Dec,10,07:56:14,LabSZ,24334,input_userauth_request: invalid user support [preauth],E12,input_userauth_request: invalid user <*> [preauth]
826,Dec,10,09:18:28,LabSZ,24634,input_userauth_request: invalid user deploy [preauth],E12,input_userauth_request: invalid user <*> [preauth]
307,Dec,10,09:08:38,LabSZ,24419,input_userauth_request: invalid user admin [preauth],E12,input_userauth_request: invalid user <*> [preauth]
1027,Dec,10,10:54:29,LabSZ,24870,input_userauth_request: invalid user dff [preauth],E12,input_userauth_request: invalid user <*> [preauth]
434,Dec,10,09:12:06,LabSZ,24473,input_userauth_request: invalid user operator [preauth],E12,input_userauth_request: invalid user <*> [preauth]
724,Dec,10,09:17:05,LabSZ,24604,input_userauth_request: invalid user redhat [preauth],E12,input_userauth_request: invalid user <*> [preauth]
438,Dec,10,09:12:08,LabSZ,24455,input_userauth_request: invalid user admin [preauth],E12,input_userauth_request: invalid user <*> [preauth]
497,Dec,10,09:12:35,LabSZ,24494,input_userauth_request: invalid user PlcmSpIp [preauth],E12,input_userauth_request: invalid user <*> [preauth]
491,Dec,10,09:12:33,LabSZ,24492,input_userauth_request: invalid user pi [preauth],E12,input_userauth_request: invalid user <*> [preauth]
162,Dec,10,07:51:20,LabSZ,24326,error: Received disconnect from 195.154.37.122: 3: com.jcraft.jsch.JSchException: Auth fail [preauth],E6,error: Received disconnect from <*>: <*>: com.jcraft.jsch.JSchException: Auth fail [preauth]
158,Dec,10,07:51:15,LabSZ,24324,error: Received disconnect from 195.154.37.122: 3: com.jcraft.jsch.JSchException: Auth fail [preauth],E6,error: Received disconnect from <*>: <*>: com.jcraft.jsch.JSchException: Auth fail [preauth]
162,Dec,10,07:51:20,LabSZ,24326,error: Received disconnect from 195.154.37.122: 3: com.jcraft.jsch.JSchException: Auth fail [preauth],E6,error: Received disconnect from <*>: <*>: com.jcraft.jsch.JSchException: Auth fail [preauth]
162,Dec,10,07:51:20,LabSZ,24326,error: Received disconnect from 195.154.37.122: 3: com.jcraft.jsch.JSchException: Auth fail [preauth],E6,error: Received disconnect from <*>: <*>: com.jcraft.jsch.JSchException: Auth fail [preauth]
162,Dec,10,07:51:20,LabSZ,24326,error: Received disconnect from 195.154.37.122: 3: com.jcraft.jsch.JSchException: Auth fail [preauth],E6,error: Received disconnect from <*>: <*>: com.jcraft.jsch.JSchException: Auth fail [preauth]
162,Dec,10,07:51:20,LabSZ,24326,error: Received disconnect from 195.154.37.122: 3: com.jcraft.jsch.JSchException: Auth fail [preauth],E6,error: Received disconnect from <*>: <*>: com.jcraft.jsch.JSchException: Auth fail [preauth]
158,Dec,10,07:51:15,LabSZ,24324,error: Received disconnect from 195.154.37.122: 3: com.jcraft.jsch.JSchException: Auth fail [preauth],E6,error: Received disconnect from <*>: <*>: com.jcraft.jsch.JSchException: Auth fail [preauth]
162,Dec,10,07:51:20,LabSZ,24326,error: Received disconnect from 195.154.37.122: 3: com.jcraft.jsch.JSchException: Auth fail [preauth],E6,error: Received disconnect from <*>: <*>: com.jcraft.jsch.JSchException: Auth fail [preauth]
162,Dec,10,07:51:20,LabSZ,24326,error: Received disconnect from 195.154.37.122: 3: com.jcraft.jsch.JSchException: Auth fail [preauth],E6,error: Received disconnect from <*>: <*>: com.jcraft.jsch.JSchException: Auth fail [preauth]
158,Dec,10,07:51:15,LabSZ,24324,error: Received disconnect from 195.154.37.122: 3: com.jcraft.jsch.JSchException: Auth fail [preauth],E6,error: Received disconnect from <*>: <*>: com.jcraft.jsch.JSchException: Auth fail [preauth]
